277.37,274.73,260.83,1
290.78,273.08,263.57,1
270.02,271.78,268.92,1
256.89,275.7,278.89,1
288.57,272.88,283.17,1
284.16,272.07,284.91,1
276.55,277.13,287.48,1
279.11,274.6,280.77,1
287.7,273.05,278.5,1
290.1,275.94,280.59,1
272.46,272.38,273.63,1
259.06,275.92,269.67,1
287.31,274.37,272.85,1
288.76,274.67,280.93,1
264.69,275.43,288.3,1
272.56,272.55,279.46,1
280.12,273.78,282.64,1
269.77,273.44,265.36,1
267.04,277.28,261.35,1
289.86,277.21,282.9,1
278.56,274.23,285.78,1
289.23,273.71,261.29,1
257.38,271.81,274.3,1
279.36,276.89,275.27,1
287.73,276.05,277.22,1
278.69,275.12,262.05,1
281.45,272.05,285.54,1
282.24,275.38,280.9,1
291.84,272.01,283.41,1
289.44,272.24,274.54,1
261.68,273.91,283.18,1
281.53,272.67,263.28,1
256.33,276.94,266.7,1
285.84,274.56,267.81,1
286.68,272.69,273.65,1
263.28,273.11,273.4,1
275.3,275.8,280.37,1
285.72,273.68,265.56,1
274.76,271.89,275.41,1
293.66,277.05,265.28,1
273.52,272.8,282.02,1
272.84,272.26,286.47,1
288.6,274.21,277.59,1
290.17,275.3,264.79,1
280.51,277.11,274.25,1
286.41,277.3,271.12,1
255.15,275.2,284.25,1
279.96,276.01,285.99,1
287.24,274.57,271.3,1
256.66,277.14,269.39,1
278.08,272.59,276.44,1
262.67,274.13,265.83,1
270.87,273.68,264.11,1
268.35,271.75,279.76,1
293.08,274.62,282.88,1
283.56,276.83,276.58,1
292.7,275.65,287.72,1
276.4,276.22,278.27,1
262.97,273.28,285.36,1
262.13,276.96,274.41,1
282.85,274.42,270.4,1
288.5,271.96,280.5,1
281.19,274.57,274.64,1
269.24,272.77,266.89,1
259.32,276.24,267.43,1
279.28,274.15,282.69,1
262.28,272.3,274.4,1
263.64,273.32,286.1,1
266.57,271.99,286.94,1
283.62,275.8,275.46,1
274.24,277.24,267.64,1
292.68,275.19,280.69,1
280.41,276.67,270.84,1
262.88,274.78,274.5,1
265.93,276.34,266.91,1
269.05,271.99,270.45,1
257.37,273.96,278.74,1
265.5,274.03,269.32,1
270.59,272.12,282.02,1
279.36,276.04,282.39,1
279.32,276.18,284.35,1
293.53,273.17,287.07,1
286.91,274.32,263.59,1
267.72,275.75,285.98,1
257.96,277.16,269.97,1
285.07,273.95,283.63,1
275.59,276.36,285.63,1
279.97,272.46,261.79,1
256.78,277.16,266.06,1
283.85,273.13,268.81,1
290.22,273.64,278.07,1
281.98,273.99,263,1
261.48,275.25,264.58,1
265.3,274.96,274.98,1
272.91,272.39,279.81,1
283.69,272.71,284.47,1
277.34,274.11,278.64,1
284.08,276.63,276.81,1
259.05,276.35,280.42,1
290.06,273.04,267.63,1
263.73,273.77,285.69,1
268.15,272.22,272.93,1
267.99,276.16,261.17,1
267.6,272.74,287.34,1
288.07,273.9,278.78,1
270.54,274.37,274.9,1
267.69,273.74,279.62,1
261.16,276.58,274.24,1
283.56,273.69,286.42,1
271.67,272.67,274.98,1
279.19,274.7,262.61,1
258.98,275.1,276.42,1
278,271.85,277.75,1
262.84,274.15,286.84,1
278.63,274.98,272.18,1
282.03,277.03,267.97,1
289.67,274.15,263.31,1
282.35,273.54,274.14,1
291.56,272.33,273.55,1
268.3,274.41,261.43,1
279.99,276.79,279.95,1
282.88,271.99,280.58,1
263.87,276.7,280.94,1
286.69,274.59,272.15,1
262.23,274.28,261.02,1
265.04,276.01,285.93,1
267.91,277.09,282.6,1
286,273.7,265.2,1
277.55,274.3,269.32,1
279.03,273.18,277.63,1
256.32,277.3,270.76,1
292.5,274.6,264.95,1
280.69,274.8,265.54,1
292.46,277.19,284.79,1
262.92,276.67,268.68,1
276.6,273.65,276.91,1
264.16,273.19,273.25,1
262.28,275.64,272.06,1
259,276.29,285.2,1
259.06,275.22,279.9,1
260.62,273.91,268.38,1
268.92,276.62,262.4,1
267.19,274.59,266.14,1
268.66,273.52,286.56,1
269.26,273.48,284.41,1
260.78,272.53,287.21,1
275.86,274.9,262.06,1
291.29,276.74,276.75,1
293.3,272.68,273.99,1
257.27,273.79,261.21,1
264.24,275.62,271.01,1
287.66,273.94,272.14,1
289.61,274.27,277.43,1
264.14,275.02,279.32,1
263.34,275.44,283.98,1
255.73,275.96,282.32,1
278.09,273.8,271.77,1
288.83,274.81,282.74,1
286.73,275.75,285.49,1
289.63,276.87,267.92,1
285.68,274.36,288.17,1
269.34,272.59,284.38,1
290.22,275.57,280.98,1
258.54,272.79,270.51,1
281.84,277.08,285.21,1
269.93,276.64,284.79,1
284.4,272.19,287.23,1
283.48,272.09,260.6,1
291.72,276.72,261.06,1
271.08,273.75,269.35,1
269.93,276.16,288.34,1
269.07,274.12,264.75,1
262.58,275.29,265.27,1
268.98,273.97,281.74,1
261.33,273.11,262.54,1
265.47,276.96,280.26,1
259.61,276.99,273.67,1
256.02,272.92,260.88,1
290.45,274.81,282.19,1
288.43,276.6,282.73,1
283.09,273.32,264.77,1
259.38,274.09,261.26,1
266.22,273.44,281.84,1
261.73,273.85,266.83,1
255.44,274.22,267.91,1
286.85,274.58,273.33,1
286.95,273.46,267.57,1
266.92,272.82,276.44,1
256.2,274.87,284.2,1
269.31,276.48,271.14,1
262.68,273.24,272.65,1
273.43,274.39,283.8,1
290.02,276.57,270.94,1
269.97,272.32,261.73,1
259.49,277.02,276.06,1
278.49,272.73,273.18,1
273.09,272.78,280.81,1
269.69,273.82,271.15,1
258.98,275.82,284.03,1
290.4,276.01,273.68,1
289.52,272.08,276.28,1
264.88,276.78,279.03,1
256.82,276.2,273.48,1
289.51,275.44,277.98,1
261.23,275.65,266.78,1
279.28,275.73,281.02,1
280.77,273.39,271.24,1
275.29,272.74,266.03,1
284.53,272.81,268.16,1
269.9,275.03,267.55,1
283.25,271.82,264.84,1
255.98,276.93,282.1,1
282.26,274.01,267.72,1
263.07,272.31,264.16,1
263.04,277.3,279.14,1
292.29,273.47,272.1,1
274.5,271.96,279.21,1
260.72,274.44,278.99,1
282.64,274.41,269.11,1
270.75,275.93,266.21,1
278.02,274.38,266.79,1
273.21,274.91,263.94,1
277.73,275.61,261.64,1
257.03,272.58,261.55,1
260.79,276.85,267.02,1
272.88,276.8,266.96,1
284.6,277.31,278.01,1
279.07,276.88,285.47,1
283,275.83,282.33,1
265.6,274.12,280.71,1
268,273.52,269.25,1
271.64,273.24,270.72,1
291.93,275.83,266.06,1
267.31,274.26,286.67,1
282.51,273.72,276.25,1
256.46,272.05,283.38,1
268.3,271.79,270.32,1
291.63,276.08,282.89,1
274.72,274.87,263.5,1
280.84,276.07,280.45,1
266.26,275.57,286.17,1
286.56,272.53,282.99,1
292.43,277.24,269.72,1
272.16,273.97,267.71,1
265.36,273.45,274.39,1
276.3,273.77,272.13,1
287.56,275.73,272.44,1
257.09,271.75,262.67,1
261.34,276.67,277.42,1
256.73,276.05,281.42,1
255.28,276.79,282.83,1
269.82,276.76,271.23,1
293.11,273.46,282.81,1
261.63,276.9,273.75,1
281.9,275.45,280.7,1
276.62,277.18,265.87,1
266.5,276.58,272.71,1
258.76,272.28,283.55,1
255.52,277.12,283.63,1
273.13,272.08,265.88,1
292.42,272.46,261.16,1
277.58,276.02,280.2,1
266.67,274.02,270.28,1
277.09,276.51,272.29,1
280.75,273.69,282,1
279,277.04,287.43,1
273.99,273.97,285.47,1
255.64,271.9,264.36,1
262.48,277.07,282.83,1
289.79,274.41,279.61,1
272.61,273,275.37,1
265.55,273.49,284.73,1
278.36,275.75,281.59,1
276.51,275.38,263.2,1
291.92,273.96,269.78,1
292.22,276.79,272.09,1
278.14,275.93,260.63,1
261.72,273.61,277.25,1
265.23,275.91,279.62,1
256.3,276.84,270.81,1
272.13,275.55,271.65,1
259.89,274.92,273.85,1
280.31,273.6,276.79,1
255.17,272.85,264.42,1
267.46,275.9,288.45,1
269.92,275.64,274.74,1
266.86,276.48,274.34,1
266.99,275.53,265.81,1
265.51,274.95,268.85,1
290.62,273.08,282.85,1
269.64,276.35,268.82,1
269.57,277.28,280.03,1
277.19,272.94,268.21,1
260.75,272.26,286.03,1
293.76,274.96,268.92,1
270.45,274.47,285.4,1
285.08,272.07,286.98,1
259.99,273.1,265.31,1
258.7,276.81,270.61,1
265.53,273.45,279.61,1
280.85,272.72,286.28,1
267.69,274.5,264.64,1
255.41,274.35,263.38,1
262.38,271.82,272.07,1
262.64,276.94,287.77,1
265.29,274.17,261.76,1
265.1,277.07,265.81,1
286.5,276.31,277.57,1
289.44,275.18,263.03,1
280.16,273.15,269.41,1
280.04,274.17,277.6,1
261.43,276.37,266.21,1
276.14,276.13,279.88,1
269.85,276.26,267.42,1
283.68,274.07,279.56,1
289.47,275.93,274.14,1
263.35,274.87,267.86,1
265.09,276.79,268.48,1
278.94,277.04,285.83,1
273.92,275.66,268.29,1
269.7,276.23,284.04,1
264.71,274.52,266.07,1
267.27,275.73,269.81,1
288.87,271.91,286.98,1
286.77,271.9,274.7,1
272.88,272.97,271.84,1
288.96,273.62,261.36,1
289.64,274.37,277.93,1
285.79,273.63,270.28,1
260.3,273.93,268.31,1
277.67,275.94,262.39,1
257.88,276.32,269.92,1
280.86,272.53,262.49,1
272.17,273.77,260.71,1
266.72,274.5,261.74,1
273.21,276.67,270.33,1
292.8,276.7,263.16,1
282.42,274.93,275.1,1
256.24,276.78,266.61,1
291.92,275.12,288.24,1
289.17,276.68,268.05,1
259.76,272.52,279.55,1
273.76,271.76,275.27,1
255.96,275.13,272.86,1
288.43,272.31,279.04,1
260.24,275.78,264.36,1
274.59,272.83,282.56,1
265.24,272.35,264.45,1
258.64,274.93,278.24,1
262.09,273.68,266.55,1
266.64,273.87,261.25,1
287.84,273.18,278.07,1
277.37,273.65,278.5,1
277.67,276.12,278.49,1
267.31,273.56,284.69,1
291.36,275.09,270,1
270.18,277.3,272.05,1
260.18,273.64,277.61,1
286.58,276.5,286.82,1
290.34,272.13,264.84,1
273.92,276.72,265.73,1
256.66,274.74,264.9,1
288.16,272.64,280.46,1
274.1,272.61,286.46,1
268.03,276.31,272.38,1
263.25,275.94,275.79,1
273.2,274.81,269.58,1
291.04,272.47,265.08,1
289.97,272.82,280.2,1
271.95,273.61,280.95,1
293.52,276.21,287.36,1
288.97,276.83,270.93,1
275.91,272.44,280.57,1
281.61,276.84,288.08,1
255.1,274.34,263.69,1
263.26,272.48,281.73,1
261.01,275.84,264.99,1
277.78,274.67,283.35,1
286.97,276.65,276.04,1
285.61,272.61,276.81,1
275.21,275.26,286.69,1
288.58,273.71,272.7,1
279.55,275.63,274.23,1
291.75,275.3,279.16,1
259.06,274.62,278.16,1
256.01,277.28,264.23,1
263.29,275.13,270.46,1
293.65,275.75,278.3,1
257.91,276.77,286.21,1
278.27,276.62,263.14,1
287.84,275.38,262.58,1
261.62,272.21,272.13,1
273.34,275.26,266.61,1
277.87,277.05,275.08,1
278.31,274.78,276.16,1
290.16,276.36,273.8,1
263.3,275.83,266.62,1
289.59,275.37,267.27,1
277.31,271.89,266.64,1
278.06,275.55,278.87,1
292.76,274.98,284.19,1
286.52,273.72,286.53,1
256.96,276.43,282.9,1
279.21,273.54,279.57,1
293.93,276.42,266.38,1
289.46,273.95,281.27,1
275.87,274.02,280.02,1
256.86,275.13,271.24,1
282.8,272.73,284.29,1
283.47,273.46,275.32,1
258.85,275.78,285.49,1
259.21,274.81,283.47,1
257.53,274.25,266.97,1
269.67,272.49,283.47,1
262.86,276.72,264.46,1
270.22,274.84,274.05,1
259.02,273.15,264.75,1
257.88,276.54,273.09,1
268.01,277,279.16,1
262.97,273.09,282.59,1
287.57,276.46,279.05,1
257.83,277.2,280.43,1
263.46,277.23,285.34,1
290.44,272.77,264.55,1
283.49,274.18,264.71,1
258.8,275.03,269.68,1
271.41,276.02,261.49,1
269.19,275.97,279.77,1
287.81,277.03,281.91,1
290.18,275.66,270.35,1
288.53,272.14,277.77,1
260.19,272.34,287.31,1
256.91,275.28,268.71,1
274.62,274.43,279.74,1
280.74,273.23,261.78,1
262.82,273.99,262.34,1
262.31,274.73,283.3,1
277.72,276.08,272.77,1
264.69,275.13,271.53,1
261.56,275.14,269.81,1
278.63,273.98,273.35,1
265.41,273.46,283.88,1
287.99,277.04,273.61,1
289.09,274.28,272.34,1
277.51,275.93,276.51,1
268.08,274.85,281.2,1
260.99,273.29,262.14,1
279.94,276.97,277.99,1
266.5,274.55,277.91,1
287.06,276.11,260.63,1
260.63,272.75,277.4,1
279.05,274.28,261.72,1
261.95,272.22,276.92,1
261.08,276.28,273.1,1
292.19,271.78,270.46,1
289.14,276.02,286.61,1
270.33,272.45,268.05,1
273.83,275.31,268.44,1
262.83,275.27,274.67,1
286.87,277.06,278.63,1
260.98,272.94,287.65,1
266.65,276.04,261.6,1
273.88,274.32,272.39,1
264.51,273.89,277,1
280.87,273.98,280.99,1
272.82,276.17,265.49,1
262.04,273.53,274.83,1
264.15,272.93,274.54,1
255.77,273.53,285.48,1
266.97,276.69,271.26,1
271.75,277.3,279.07,1
256.47,275.46,261.91,1
281.26,276.34,281.53,1
282.26,275.32,270.88,1
275.09,276.92,287.02,1
267.99,274.54,270.28,1
277.11,273.25,279.66,1
265.88,275.73,283.58,1
275.94,273.13,274.15,1
262.63,273.97,288.03,1
264.64,274.61,277.43,1
255.8,276.08,281.77,1
271.73,277.08,279.68,1
262.06,272.38,286.58,1
286.76,277.21,287.07,1
270.87,271.76,288.19,1
273.26,275.42,264.12,1
269.56,275.05,287.82,1
280.15,274.08,266.99,1
281.16,274.33,265.79,1
281.51,277.01,274.79,1
290.53,273.82,275.38,1
258.02,272.12,268.48,1
263.88,275.6,269.24,1
288.92,275.23,269.24,1
285.02,274.73,268.02,1
256.52,276.67,277.14,1
271.49,277.21,266.65,1
270.74,277.17,271.81,1
257.98,276.92,268.64,1
260.21,271.79,265.45,1
266.42,274.26,266.89,1
261.54,274.5,288.15,1
288.84,273.09,272.7,1
269.11,276.93,283.68,1
265.7,273.74,276.55,1
260.01,274.43,278.77,1
284.27,273.46,280.94,1
270.71,275.84,271.5,1
289.12,274.92,271.55,1
287.6,274.12,284.55,1
283.8,273.11,283.17,1
288.18,276.94,283.91,1
279.71,276.04,265.84,1
256.52,276.71,270.62,1
291.48,275.92,274.03,1
275.47,273.46,287.52,1
269.79,273.51,276.3,1
273.45,273.69,283.66,1
274.53,273.9,262.72,1
266.68,276.37,276.01,1
263.37,276.84,275.87,1
273.7,272.48,285.83,1
257.02,274.71,270.9,1
272.73,273.49,285.71,1
259.63,272.8,264.52,1
286.61,274.26,263.36,1
270.17,274.37,287.72,1
265.95,275.63,286.85,1
259.88,272.75,277.07,1
257.26,277.05,262.05,1
265.71,272.82,262,1
268.61,273.58,269.65,1
292.21,276.09,271.07,1
283.36,277.12,281.89,1
259.15,273.5,284.55,1
270.57,273.74,275.81,1
255.21,273.55,269.63,1
283.9,274.26,271.91,1
292.05,274.01,263.66,1
271.5,275.52,264.43,1
258.97,274.75,281.37,1
263.99,276.3,285.02,1
279.94,275.7,267.82,1
290.47,275.35,279.71,1
276.69,272.97,270.61,1
269.7,273.44,260.77,1
287.66,276.61,281.81,1
282.58,273.46,272.14,1
255.36,273.05,269.91,1
278.17,275.07,268.35,1
284.23,274.22,277.11,1
255.44,276.85,269.66,1
261.6,276.89,286.71,1
284.21,274.32,263.28,1
288.42,272.19,285.22,1
290.18,271.75,276.43,1
268.77,273.7,262.33,1
261.77,273.5,284.98,1
289.56,274.54,266.87,1
285.58,275.53,282.88,1
270.27,276.24,282.95,1
258.61,272.92,261.41,1
258.88,272.05,278.08,1
288,276.7,277.45,1
285.01,274.92,262.78,1
291.37,275.74,282.14,1
281.88,274.92,264.59,1
263.59,272.75,273.52,1
256.56,273.2,263.31,1
258.85,275.21,276.48,1
262.32,275.1,271.85,1
279.41,276.67,276.95,1
285.39,272.68,281.46,1
288.96,272.95,285.39,1
256.34,272.79,271.17,1
260.58,272.58,268.75,1
282.44,274.91,274.79,1
269.62,271.94,275.45,1
263.2,276.72,263.54,1
271.57,276.31,261.88,1
280.51,275.35,277.93,1
290.27,273.56,283.52,1
263.37,275.36,262.14,1
265.79,272.52,282.84,1
282.07,275.4,267.41,1
257.59,276.09,282.99,1
287.77,277.18,268.91,1
281.95,273.41,273.62,1
273.99,272.86,286.6,1
280.97,274.75,285.95,1
256.65,274.78,264.22,1
257.49,272.02,275.36,1
282.91,271.85,277.85,1
278.16,275.11,278.01,1
273.49,276.89,278.63,1
273.6,274,269.85,1
293.75,272.33,263.78,1
292.87,277.17,276.52,1
274.31,274.76,269.02,1
293.51,271.85,265.99,1
280.78,273.85,276.34,1
258.84,272.57,277.61,1
268.38,276.97,261.86,1
277.25,276.82,288.06,1
273.98,274.13,263.49,1
282.08,273.92,271.91,1
279.16,274.88,279.15,1
285.65,276.29,266.09,1
279.23,275.21,267.34,1
263.2,276.5,277.97,1
282.35,273.6,282.86,1
270.96,273.57,275.78,1
281.87,276.61,266.11,1
282.04,277.01,282.45,1
274.73,272.59,283.29,1
274.84,276.6,280.41,1
275.57,276.94,286.91,1
291.76,273.47,284.43,1
283.74,272.82,287.45,1
269.7,276.91,273.55,1
277.67,276.76,274.12,1
275.8,274.28,276.94,1
278.15,274.01,286.85,1
272.78,275.01,270.98,1
274.09,274.08,277.27,1
269.56,274.44,277.7,1
270.72,277.14,276.21,1
274.01,272.82,263.9,1
277.8,271.91,271.83,1
274.43,275.08,266.77,1
261.89,272.86,282.57,1
287.43,275.03,281.89,1
267.88,273.35,265.46,1
282.33,274.11,280.77,1
271.27,272.65,286.37,1
268.51,276.3,273.86,1
260.72,274.14,286.04,1
293.42,273.41,272.79,1
265.35,273.92,262.44,1
256.91,277.27,270.74,1
268.8,272.93,265.88,1
273.5,275.35,264.73,1
267.92,275.98,266.48,1
261.43,274.7,285.11,1
280.17,272.98,283.39,1
272.58,276.31,278.2,1
292.4,276.63,287.22,1
279.48,275.1,263.92,1
282.77,273.6,277.38,1
287.65,276.75,269.84,1
263.12,277.29,283.49,1
268.98,276.75,278.99,1
262.46,275.85,272.38,1
268.21,275.73,280.56,1
276.89,274.97,266.6,1
275.49,276.33,261.07,1
277.84,276.59,268.42,1
267.57,272.58,277.37,1
277.41,274.31,273.43,1
262.15,276.02,280.4,1
287.67,274.25,265.19,1
273.23,272.85,286.8,1
265.99,272.07,287.23,1
279.83,275.03,287.93,1
261.13,277.22,262.24,1
278.57,272.24,281.23,1
282.83,273.49,277.34,1
268.83,275.42,263.08,1
281.17,274.01,288.17,1
268.05,277.04,275.9,1
269.54,273.03,279.4,1
284.34,275.67,280.8,1
288.24,274.1,276.44,1
280.33,273.94,275.3,1
266.24,273.34,264.8,1
292.67,274.8,267.3,1
262.95,275.68,271.82,1
289.95,276.62,262.49,1
272.65,276.38,281.73,1
289.23,272.26,270.15,1
264.85,273.95,288.18,1
293.68,275.37,285.36,1
269.88,276.82,286.75,1
281.97,272.71,281.2,1
258.13,273.23,261.35,1
256.02,276.39,271.26,1
269.65,277.09,260.89,1
262.61,273.49,262.42,1
267.68,275.73,279.59,1
282.36,274.13,288.1,1
283.23,272.3,279.17,1
263.96,276.54,272.17,1
270.64,273.86,261.75,1
264.54,273.59,285.52,1
281.12,275.86,280.3,1
276.5,272.43,273.95,1
285,274.73,266.61,1
267.3,276.64,262.88,1
289.5,274.16,279.36,1
262.13,272.25,288.32,1
279.74,273.2,277.14,1
278.34,274.06,284.01,1
271.12,274.41,264.86,1
258.59,274.57,285.02,1
271.23,275.38,275.78,1
293.49,276.58,288.01,1
263.03,275.19,281.1,1
259.82,275.63,263.19,1
282.62,273.48,268.74,1
271.3,271.95,268.21,1
267.04,274.74,262.58,1
257.59,274.62,279.55,1
262.87,274.47,266.86,1
282.94,276.46,275.97,1
276.4,273.41,282.05,1
257.13,274.89,266.5,1
273.09,272.64,268.76,1
274.23,276.68,270.53,1
263.87,273.33,287.25,1
263.3,276.04,279,1
282.56,274.23,287.09,1
276.37,272.85,263.3,1
266.94,275.8,267.97,1
287.81,275.07,268.18,1
273.87,274.22,283.87,1
290.8,275.97,283.25,1
289.79,276.69,268.79,1
264.68,273.07,278.71,1
279.85,274.06,272.33,1
277.82,274.77,262.68,1
265.04,273.72,281.19,1
286.3,272.02,276.91,1
258.88,276.1,270.21,1
260.43,276.21,267.79,1
290.27,277.13,268.73,1
275.92,275.62,282.05,1
280.88,275.9,272.43,1
281.89,275.75,268.64,1
256.82,275.49,267.96,1
284.93,277.21,268.32,1
285.86,273.84,284.07,1
290.79,273.25,265.33,1
273.24,274.04,267.63,1
256.84,273.2,277.09,1
270.52,276.54,287.78,1
279.18,274.51,260.72,1
274.31,275.84,267.29,1
270.84,275.15,280.85,1
259.52,271.99,267.59,1
266.13,276.01,286.19,1
293.42,274.95,274.76,1
279.36,274.9,274.6,1
262.03,273.4,280.45,1
266.33,276.89,278.43,1
261.56,272.93,268.52,1
289.59,272.16,260.87,1
290.86,275.01,277.17,1
283.95,272.28,284.04,1
290.67,271.89,274.16,1
292.01,273.63,282.36,1
281.65,274.04,272.1,1
291.51,273.32,271.18,1
283.84,275.51,285.64,1
280.61,277.07,285.59,1
266.64,277.06,280.68,1
265.07,271.75,268.54,1
282.85,273.79,270.07,1
287.41,276.94,268.55,1
276.08,272.47,282.33,1
279.21,275.55,260.73,1
255.85,275.75,262.96,1
285.5,277.07,272.9,1
286.28,273.27,267.6,1
282.55,273.53,285.84,1
261.03,276.9,285.15,1
262.34,273.31,280.57,1
286.2,276.82,267.25,1
284.24,276.46,286.39,1
269.07,272.6,287.62,1
293.33,275.62,276.71,1
275.68,275.63,268.1,1
279.46,274.38,268.99,1
259.99,276.91,278.03,1
270.63,272.5,282.33,1
261.33,273.81,272.34,1
262.13,274.09,278.91,1
263.13,274.14,272.41,1
267.71,274.89,270.4,1
271.56,275.56,278.01,1
291.22,273.8,283.21,1
270.3,277.29,274.36,1
288.55,275.9,262.08,1
293.33,276.34,274.06,1
275.78,274.7,274.66,1
284.56,272.86,272.78,1
269.07,275.8,271.08,1
259.51,275.38,282.28,1
270.63,275.06,263.39,1
281.06,273.36,261.06,1
276.24,276.07,282.4,1
285.15,272.1,284.38,1
291.48,276.35,266.83,1
290.2,272.51,278.07,1
292.4,271.84,262.4,1
291.06,272.56,267.26,1
259.94,272.97,273.41,1
292.83,272.4,279.07,1
260.49,274,266.67,1
283.62,276.62,273.7,1
274.35,274.57,287.86,1
281.06,274.98,274.9,1
258.11,272.47,273.7,1
257.58,277.15,279.16,1
291.44,277.21,275.13,1
270.04,276.61,267.77,1
255.43,273.41,283.57,1
258.29,274.75,264.19,1
270.54,274.18,265.39,1
270.34,274.2,265.48,1
258.8,275.8,271.24,1
257.01,275.32,263.43,1
257.96,274.67,271.46,1
286.16,275.92,283.17,1
281.77,272.83,270.46,1
280.92,276.44,285.03,1
267.71,275.78,287.32,1
274.45,273.42,283.97,1
265.32,273.73,263.81,1
273.05,272.12,276.27,1
271.44,277.3,263.62,1
285.35,273.2,285.01,1
264.93,276.92,270.35,1
280.17,273.06,285.62,1
282.74,276.06,264.06,1
286.91,277.04,278.38,1
282.77,273.79,284.92,1
275.91,272.05,260.63,1
270.94,275.57,269.09,1
278.11,275.66,261.4,1
264.84,276.79,275.92,1
258.92,276.42,265.48,1
283.79,273.18,277.04,1
265.87,276.68,260.74,1
273.02,272.91,268.46,1
265,274.6,281.77,1
267.18,273.39,284.9,1
269.73,272.68,274.69,1
281.52,274.49,274.08,1
282.96,272.19,261.93,1
293.68,276.89,281.52,1
260.47,274.17,283.77,1
275.07,272.7,284.73,1
270.8,276.63,283.64,1
293.71,271.94,274.52,1
268.02,276.78,260.85,1
280.16,275.62,270.11,1
270.42,273.28,281.23,1
284.32,275.2,285.98,1
276.05,271.83,268.79,1
285.23,274.29,265.8,1
258.76,277.07,285.24,1
284.41,275.28,271.3,1
260.56,275.96,277.79,1
286.96,274.75,277.24,1
291.85,274.25,269.61,1
286.93,276.67,278.44,1
279.05,276.27,273.1,1
285.34,276.41,280.06,1
271.92,274.51,265.11,1
257.83,275.46,266.04,1
288.61,272.78,274.05,1
272.46,275.46,274.54,1
276.96,277.18,282,1
265.75,272.38,265.98,1
258.19,274.62,288.25,1
273.8,276.01,269.67,1
261.17,273.37,284.18,1
258.1,273.02,283.4,1
281.06,274.31,285.86,1
264.78,274.61,281.21,1
284.85,275.41,269.43,1
271.78,274.11,261.37,1
262.66,277.1,276.29,1
288.68,271.79,287.26,1
274.89,275.34,264.95,1
273.96,273.06,281.72,1
255.75,273.88,261.75,1
258.64,272.83,266.02,1
281.75,274.2,275.1,1
291.41,272.25,273.56,1
291,273.6,282.6,1
268.85,275.4,264.17,1
291.36,274.21,285.47,1
257.75,274.33,265.52,1
281.25,275.9,272.72,1
274.28,273.6,264.76,1
274.82,276.87,279.79,1
260.19,273.89,283.28,1
263.95,271.83,265.97,1
283.99,272.28,276.71,1
275.44,272.81,280.69,1
256.2,272.15,273.84,1
283.38,273.44,267.9,1
265.26,272.8,281.06,1
285.95,272.65,270.33,1
287.66,274.66,279.31,1
280.9,274.48,262.14,1
257.23,276.65,285.6,1
288.36,272.39,275.14,1
271.08,275.7,268.27,1
255.09,276.8,284.11,1
290.05,272.15,272.93,1
290.52,272.6,279.25,1
270.5,273.31,288.26,1
292.21,274.51,284.36,1
255.53,276.15,286.62,1
277.36,274.3,284.63,1
292.45,272.23,262.47,1
280.78,275.96,268.73,1
290.67,272.95,266.07,1
270.41,273.4,272.05,1
287.5,272.66,272.28,1
268.91,275.53,287.3,1
278.93,276.08,286.35,1
279.92,274.32,288.01,1
259.61,274.79,271.23,1
279.23,274.48,287.47,1
274.26,274.96,277.05,1
292.74,273.8,274.56,1
278.49,275.42,268.46,1
269.91,274.46,265.13,1
277.28,274.25,273.11,1
282.2,277.27,270.28,1
257.78,275.37,275.2,1
262.03,273.23,275.76,1
255.96,271.83,260.9,1
267.36,276.89,268.86,1
288.57,274.58,265.29,1
267,275.2,287.31,1
270.48,272.12,267.19,1
276.22,276.66,283.8,1
271.26,274.87,280.32,1
268.06,276.83,276.22,1
275.47,272.82,280.14,1
291.86,274.8,266.51,1
293.96,274.89,279.86,1
269.94,276.43,277.92,1
265.36,273.1,280.59,1
291.65,275.43,264.86,1
257,272.81,263.23,1
291.05,272.62,287.11,1
281.37,276.42,271.86,1
287.68,275.02,278.53,1
282.05,276.58,287.37,1
261.35,272.2,283.93,1
286.34,272.02,264.24,1
273.22,275.98,274.56,1
269.73,273.69,265.66,1
280.67,273.38,262,1
285.39,275.91,285.54,1
277.98,274.97,268.01,1
287.43,274.43,262.1,1
265.86,276.75,274.52,1
290.37,276.66,282.34,1
279.83,272.91,276.12,1
280.64,272.11,264.36,1
280.48,275,271.43,1
256.42,273.33,267.78,1
260.55,274.36,275.3,1
270.98,272.25,285.76,1
255.77,275.29,284.37,1
261.71,275.48,283.92,1
268.77,276.5,266.62,1
285.27,272.4,264.32,1
289.17,272.5,263.95,1
281.76,277,284.97,1
268,274.21,262.83,1
288.09,274.13,271.45,1
255.21,276.22,265.67,1
271.91,275.99,272.06,1
271.54,274.25,283.82,1
288.9,276.97,287.87,1
274.46,271.9,260.72,1
278.33,276.64,276.2,1
276.23,273.05,281.55,1
291.98,271.76,271.47,1
279.55,272.03,269.2,1
273.96,272.77,282.83,1
274.5,277.04,280.74,1
286.71,273.25,282.92,1
292.84,276.9,287.68,1
272.18,273.11,285.05,1
264.2,277,277.51,1
284.46,273.6,268.24,1
269.24,275.45,275.06,1
285.41,275.38,276.45,1
267.76,272.43,287.13,1
287.12,272.92,272.99,1
270.55,274.09,286.95,1
250.92,266.96,258.91,2
251.08,258.94,259.85,2
249.1,252.11,258.29,2
248.8,249.45,259.26,2
250.27,259.24,259.64,2
252.93,251.21,258.49,2
251.07,266.86,256.59,2
250.94,259.44,258.74,2
251.21,266.9,258.04,2
252.47,258.31,259.61,2
251.12,247.88,258.91,2
250.22,265.09,258.4,2
249.81,263.66,257.76,2
251.08,258.19,261.41,2
252.77,250.46,258.46,2
250.61,251.53,258.8,2
251.04,242.56,259.01,2
250.94,250.98,258.66,2
248.91,263.84,258.23,2
248.53,265.31,258.86,2
251.73,267.68,259.09,2
251.7,257.49,259.26,2
251.17,256.8,258.84,2
248.9,244.38,259.32,2
250.51,269.12,257.13,2
250.09,252.56,257.77,2
249.06,244.52,258.94,2
249.03,250.35,259.64,2
248.9,243.57,259.15,2
251.26,267.57,261.31,2
251.38,258.39,259.18,2
250.93,265.92,261.39,2
250.56,253.33,257.97,2
251.5,246.83,260.36,2
250.63,243.91,257.35,2
250.99,262.87,258.53,2
251.25,269.13,260.32,2
251.72,266.66,257.82,2
250.57,256.92,256,2
253.53,257.51,258.72,2
248.31,269.68,258.78,2
249.01,268.14,256.51,2
250.71,243.33,258.22,2
250.08,257.48,260.95,2
251.85,241.53,256.77,2
250.62,243.93,260.73,2
250.3,243.99,258.75,2
248.41,263.29,259.53,2
250.94,257.35,259.66,2
251.64,243.22,257.88,2
250.15,254.97,257.06,2
252.72,245.77,257.74,2
250.31,245.01,259.32,2
250.42,244.29,258.67,2
252.64,262.66,258.46,2
250.79,252.32,259.02,2
251.14,254.74,258.66,2
250.75,252.75,258.93,2
250.14,261.56,260.43,2
249.05,264.76,257.04,2
252.78,264.41,256.85,2
251.24,247.86,257.52,2
249.98,269.82,258.8,2
250.74,255.92,256.47,2
251.03,245.41,259.1,2
250.34,262.97,259.33,2
249.63,258.06,258.21,2
253.32,251.77,260.23,2
250.83,257.39,259.42,2
250.35,250.01,258.56,2
251.37,245.14,259.3,2
251.38,254.21,257.69,2
251.36,258.7,258.54,2
249.8,256.51,261,2
251.52,259.74,261.54,2
249.9,242.3,258.09,2
248.77,253.37,260.17,2
251.23,254.33,258.65,2
250.81,262.36,260.36,2
250.64,251.73,259,2
251.03,268.43,260.75,2
252.15,250.9,256.78,2
248.35,252.98,257.47,2
251.93,242.93,256.18,2
249.75,261.78,258.37,2
250.85,252.23,258.8,2
250.64,253.51,261.16,2
250.65,246.31,260.23,2
251.03,255.83,258.81,2
252.25,262.97,260.58,2
251.03,257.57,257.32,2
250.72,257.55,258.92,2
250.85,257.72,259.09,2
249.96,241.55,259.55,2
249.24,250.11,259.19,2
252.4,265.07,258.06,2
251.54,253.71,256.76,2
248.2,267.95,259.57,2
250.72,249.05,257.66,2
249.93,266.72,256.78,2
250.07,241.38,259.5,2
248.57,261.63,260.05,2
250.51,244.69,258.67,2
251.24,244.56,261.03,2
250.61,269.52,258.78,2
250.05,258.55,257.97,2
250.17,261.12,259.43,2
252.35,246.3,259.68,2
249.46,267.92,257.76,2
251.19,253.89,258.54,2
250.19,245.52,259.48,2
249.28,242.45,258.1,2
248.69,266.09,258.48,2
250.86,268.33,258.75,2
251.21,242.15,257.56,2
252.21,268.18,259.78,2
248.28,264.3,258.41,2
251.26,247.2,259.02,2
249.66,251.97,257.5,2
250.46,247.06,258.96,2
250.03,243.18,259.37,2
249.62,259.05,258.86,2
252.75,253.41,258.28,2
250.02,251.42,259.73,2
249.91,258.39,259.47,2
251.39,262.17,260,2
251.25,248.75,258.6,2
250.53,246.13,259.88,2
250.23,250.94,258.83,2
250.15,245.73,259.21,2
250.3,268.44,258.99,2
251.3,269.91,257.41,2
251.91,267.94,259.17,2
252.41,242.22,257.8,2
248.12,265.92,257.78,2
249.6,245.76,257.04,2
252.73,251.88,257.62,2
251.14,260.32,259.47,2
251.18,243.17,260.84,2
252.79,261.91,260.79,2
250.41,264.07,259.63,2
248.7,260.02,258.9,2
250.87,250.57,259.63,2
247.95,242.79,259.16,2
251.5,252.36,256.45,2
250.25,268.53,259.75,2
251.16,264.55,261.03,2
251.43,248.37,259.34,2
251.34,258.81,259.29,2
252.57,250.35,256.48,2
250.22,264.7,258.01,2
249.31,261.16,259.38,2
248.97,258.53,260.82,2
253.71,258.59,258.96,2
250.49,243.82,258.75,2
251.24,265.41,256.13,2
249.91,270.01,259.62,2
251.46,241.52,261.43,2
249.2,263.24,257.18,2
249.93,268.84,258.77,2
251.68,249.7,258.76,2
251.51,248.48,258.89,2
249.78,265.43,258.95,2
250.4,251.06,257.75,2
248.25,244.87,258.06,2
250.5,254.55,260.88,2
250.74,245.21,257.75,2
252.12,257.49,258.48,2
250.17,254.65,257.63,2
253.21,253.75,260.51,2
251.14,251.46,259.8,2
249.63,260.59,259.2,2
251.94,270.19,258.99,2
251.67,262.06,258.94,2
250.85,261.44,258.93,2
250.5,245.79,256.96,2
248.86,260.11,258.13,2
250.7,242.34,258.19,2
251.35,263.07,259.61,2
250.67,256.41,257.83,2
249.29,259.68,260.05,2
250.17,258.82,258.74,2
250.77,264.34,259.07,2
249.1,254.21,258.74,2
250.2,253.02,260.43,2
249.15,256.99,258.21,2
251.28,267.32,260.6,2
252.21,252.05,257.87,2
251.46,247.14,260.91,2
250.28,249.26,259.58,2
251.21,263.33,259.16,2
249.02,270.37,259.55,2
251.3,255.24,256.04,2
248.81,267.98,260.04,2
250.13,246.48,258.61,2
250.5,253.74,260.57,2
250.84,257.66,259.98,2
251.49,262.1,258.6,2
250.57,254.33,259.29,2
252.18,243.96,260.74,2
249.19,247.55,260.73,2
252.48,266.85,260.5,2
252.96,260.78,257.34,2
250.71,264.81,258.85,2
250.5,269.45,258.68,2
252.24,244.03,256.22,2
253.5,248.73,258.57,2
248.08,264.64,259.45,2
248.82,267.05,258.31,2
250.85,259.09,258.72,2
250.78,245.83,258.41,2
250.37,246.6,259.1,2
250.38,257.19,260.07,2
250.55,250.11,260.23,2
251.34,260.56,258.02,2
252.09,256.03,257.08,2
250.14,254.16,257.75,2
248.98,258.72,259.64,2
252.44,264.96,259.52,2
251.02,260.07,258.09,2
250.71,254.86,258.27,2
253.3,254.23,257.18,2
251.24,250.76,257.21,2
251.41,243.85,257.46,2
250.36,242.46,257.96,2
249.6,251.79,258.81,2
252.03,243.27,260.82,2
250.45,257.57,258.95,2
251.72,242.63,257.1,2
251.46,262.81,258.11,2
249.9,250.21,258.97,2
250.78,269.96,258.68,2
253.5,260.88,259.08,2
251.05,255.19,259.16,2
251.95,264.59,257.39,2
251.1,241.25,258.89,2
252.43,246.64,260.33,2
250.47,247.04,258.1,2
251.39,264.62,258.51,2
248.34,258.16,260.25,2
251.94,257.92,256.62,2
250.94,248.63,258.12,2
250.21,246.23,257.93,2
252.77,265.72,261,2
250.74,259.39,258.38,2
251.79,250.3,256.74,2
249.73,265.25,258.51,2
252.34,256.79,259.33,2
248.82,265.14,258.53,2
250.98,256.11,258.22,2
251.17,250.75,258.95,2
249.42,261.33,261.08,2
252.88,270.37,257.57,2
251.19,268.35,256.81,2
250.19,257.71,259.59,2
250.44,248.95,258.34,2
249.94,257.68,256.76,2
249.3,254.36,257.35,2
249.91,259.62,258.94,2
250.65,261.49,257.85,2
249.91,260.67,258.47,2
251.23,241.86,257.5,2
251.61,268.63,258.45,2
253.52,242.72,259.68,2
249.56,259.84,256.55,2
251.78,253.82,260.72,2
249.35,265.49,258.18,2
250.32,253.6,258.37,2
250.33,266.08,258.96,2
249.8,255.65,260.62,2
251.91,246.68,261.33,2
249.28,244.76,261.22,2
249.02,268.46,257.29,2
250.91,247.45,259.02,2
251.2,245.65,259.33,2
251.23,257.55,258.84,2
250.82,253.52,258.72,2
250.61,265.07,258.65,2
251.36,243.17,258.4,2
252.14,256.08,258.35,2
249.09,249.82,257.44,2
249.31,263.13,257.27,2
252.11,248.19,258.64,2
250.75,244.72,259.04,2
250.43,245.19,259.43,2
250.42,261.41,258.93,2
249.61,268.65,260.48,2
248.83,246.57,256.65,2
251.83,254.2,258.83,2
250.51,251.75,258.09,2
252.72,268.29,258.1,2
251.64,246.38,259.45,2
249.49,241.22,258.99,2
249.85,257.99,260.82,2
248.85,266.74,257.3,2
250.82,266.64,258.86,2
249.58,250.89,258.91,2
250.74,250.04,260.48,2
251.03,242.5,257.94,2
251.71,262.65,260.41,2
253.57,265.71,258.23,2
252.16,270.07,257.55,2
252.59,249.63,259.27,2
251.74,254.17,260.34,2
250.63,266.54,257.54,2
252.18,253.09,258.21,2
250.27,264.35,258.36,2
250.3,241.73,260.33,2
250.37,243.5,255.84,2
250.99,242.33,258.83,2
252.28,251.82,257.52,2
250.88,255.8,258.52,2
250.99,243.06,258.9,2
251.36,260.74,257.72,2
250.04,241.55,257.77,2
252.49,242.66,258.01,2
249.63,250.54,256.76,2
250.64,253.84,259.91,2
252.34,246.87,256.68,2
248.42,263.24,260.35,2
249.97,256.81,258.31,2
250.38,246.54,260.87,2
248.12,253.73,259.05,2
248.69,260.43,258.51,2
251.92,256.47,259.16,2
250.52,242.33,258.62,2
249.4,261.29,258.91,2
250.85,261.32,258.75,2
250.63,266.48,259.11,2
250.7,269.04,257.04,2
252.5,250.14,260.71,2
251.11,242.02,259.03,2
248.69,252.53,258.56,2
252.76,260.9,256.73,2
252.07,256.73,259.65,2
252.47,248.81,258.92,2
252.11,252.14,259.14,2
250.58,268.99,259.32,2
249.5,248.58,256.68,2
251,260.36,258.24,2
252.71,256.74,259.08,2
250.8,241.76,259.13,2
251.52,267.22,258.29,2
248.97,261.22,259.2,2
252.22,259.83,258.84,2
249.03,259.99,258.42,2
252.62,252.08,259.26,2
250.98,256.54,257.19,2
250.5,250.83,256.42,2
251.75,263.78,259.62,2
249.02,241.09,259.87,2
250.86,253.92,258.74,2
249.05,245.84,260.99,2
250.67,260.39,258.77,2
250.98,259.85,258.67,2
253.22,266.51,258,2
251.34,247.34,258.44,2
249.9,248.75,257.64,2
248.91,268.36,259.15,2
251.16,262.31,259.47,2
250.48,252.66,258.84,2
251.13,245.84,257.81,2
250.05,268.59,261.02,2
250.25,267.07,260.76,2
250.69,252.67,258.73,2
250.04,269.64,259.44,2
251.04,269.42,259.49,2
251.63,254.01,258.89,2
251.9,244.33,258.97,2
252.3,244.62,257.5,2
250.98,265.72,258.99,2
251.53,248.86,260.99,2
249.21,260.86,256.84,2
250.79,260.71,259.05,2
253.74,264.06,258.72,2
251.22,261.84,259.25,2
249.02,245.01,257.64,2
251.01,259.63,259.72,2
251.5,247.68,259.43,2
252.01,267.01,259.7,2
250.21,247.11,260.25,2
253.34,259.85,258.23,2
252.59,265.8,258.34,2
248.39,247.91,258.18,2
249.93,247.79,259.63,2
250.85,269.98,256.78,2
250.77,252.3,260.14,2
250.87,257.09,258.65,2
252.7,263.86,259.74,2
250.51,242.35,259.52,2
252.26,250.43,261.25,2
248.6,250.49,259.36,2
249.85,267.54,257.16,2
251.11,245.96,261.03,2
248.94,261.35,260.18,2
252.9,244.59,258.69,2
250.76,257.68,258.75,2
251.54,266.45,260.48,2
251.58,261.09,261.28,2
249.5,263.78,259.61,2
251.81,264.7,257.95,2
250.81,244.35,258.78,2
250.93,243.67,260.13,2
248.68,252.57,258.28,2
253.74,269.58,258.62,2
250.22,257.95,259.03,2
250.95,247.54,258.86,2
250.54,248.21,259.27,2
251.15,268.17,258.86,2
251.12,265.56,259.13,2
250.94,259.23,258.45,2
251.78,246.98,260.06,2
248.79,245.72,256.66,2
248.77,242.54,258.7,2
248.95,263.83,258.94,2
251.44,249.29,260.53,2
249.27,267.76,258.02,2
252.03,245.7,260.28,2
250.85,252.84,258.83,2
251,247.6,258.43,2
251.35,247.46,259.28,2
250.7,268.17,258.97,2
251.72,255.69,259.1,2
253.19,261.83,257.84,2
251.16,266.55,257.88,2
250.4,247.27,257.04,2
252.18,260.64,259.71,2
251.22,257.59,257.82,2
251.42,257,256.76,2
251.63,261.21,257.41,2
250.87,247.4,258.65,2
251.02,243.72,259.3,2
252.74,243.37,258.06,2
250.01,259.65,260.62,2
250.37,250.07,261.24,2
249.1,265.64,257.67,2
251.17,258.52,257.75,2
250.76,266.88,261.65,2
252.35,255.7,256.25,2
249.27,268.63,259.91,2
249.74,265.43,257.76,2
252.31,257.61,260.03,2
252.08,248.73,261.44,2
248.04,249.69,258.87,2
252.47,254.31,256.93,2
252.6,254.11,257.62,2
251.4,268.77,258.08,2
251.36,259.02,257.99,2
250.93,261.19,259.86,2
252.96,264.08,259.15,2
250.89,246.22,258.59,2
250.61,255.6,258.88,2
251.35,250.06,256.77,2
251.25,255.79,259.68,2
251.72,265.55,256.68,2
252.14,246.11,256.86,2
248.57,241.35,260.25,2
251.91,265.75,257.76,2
252.01,268.83,259.92,2
249.82,250.21,256.37,2
251.18,254.92,256.75,2
250.93,257.69,260.47,2
250.08,250.02,259.98,2
251.09,261.97,260.19,2
253.61,241.68,259.66,2
252.3,258.65,260.04,2
251.02,253.36,257.49,2
250.71,260.42,259.44,2
251.03,256.37,260.39,2
250.85,263.25,258.79,2
249.02,249.16,261.04,2
251.27,260.89,261.63,2
250.35,252.19,259.58,2
252.7,255.09,259.35,2
249.96,249.43,260.68,2
252.14,241.5,258.71,2
250.56,266.16,259.6,2
251.1,268.74,259.15,2
249.77,253.3,258.57,2
251.29,265.37,259.42,2
248.64,270.02,258.98,2
250.24,251.11,260.18,2
251.57,260.03,260.66,2
251.91,246.6,258.88,2
251.03,244.69,257.64,2
249.44,255.99,260.13,2
249.56,255.21,259.3,2
251.66,261.22,257.07,2
253.42,253.96,257.65,2
251.25,248.07,259.1,2
252.95,267.12,258.76,2
252.75,259.79,258.74,2
251.86,260.43,256.48,2
249.72,253.31,261.19,2
250.86,248.99,258.72,2
251.04,264.71,256.83,2
251.04,258.74,258.78,2
251.8,258.43,257.29,2
250.76,245.11,256.35,2
251.03,253.25,258.72,2
243.69,237.86,235.6,3
244.6,238.7,226.13,3
245.53,237.52,241.14,3
244,237.66,234.91,3
244.97,238.18,242.19,3
246.13,235.49,243.12,3
244.07,236.28,245.66,3
245.27,238.59,230.99,3
244.44,239.26,229.61,3
244.52,240.88,247.28,3
245.24,237.77,244.22,3
247.99,237.56,251.57,3
246.99,240.26,252.12,3
243.65,235.81,231.22,3
245.68,236.69,247.36,3
245.68,239,230.43,3
244.37,240.46,239.68,3
245.42,237.49,233.89,3
245.76,240.19,250.49,3
244.01,235.66,225.23,3
244.93,236.92,231.59,3
245.36,240.35,235.36,3
244.95,238.43,253.16,3
244.18,239.4,230.94,3
245.05,236.87,254.15,3
243.02,240.06,252.39,3
244.85,236.62,237.82,3
245.31,238.01,236.78,3
246.48,238.04,249.2,3
245.04,240.77,242.45,3
245.61,241.08,233.32,3
247.17,238.99,227.25,3
245.93,236.58,255.3,3
243.84,239.62,245.51,3
245.06,238.39,235.06,3
245.72,237.63,225.55,3
243.65,239.84,235.63,3
244.05,238.91,240.89,3
242.74,237.29,250.43,3
247.83,239.17,232.53,3
244.88,237.13,229.68,3
247,237.89,225.17,3
244.07,236,254.29,3
246.71,237,224.64,3
247.27,240.17,242.5,3
246.03,240.52,230.72,3
245.86,235.81,245.24,3
247.32,235.91,248.97,3
245.81,235.89,249.86,3
244.9,237.83,224.2,3
245.26,238,252.42,3
245.51,240.31,229.77,3
244.9,238.76,249.51,3
246.27,239.49,226.82,3
247.84,237.93,233.12,3
245.42,238.12,230.16,3
245,235.52,252.67,3
245.47,238.12,243.19,3
245.09,237.71,230.89,3
243.55,236.13,224.75,3
245.24,237.56,239.26,3
245.48,238.17,235.23,3
244.81,237.71,227.02,3
242.56,237.47,254.33,3
244.65,234.71,227.73,3
242.13,238.67,227.26,3
243.49,235.88,250.15,3
243.49,239.99,228.63,3
242,237.77,247.11,3
246.25,239.21,246.32,3
245.9,235.97,243.29,3
244.09,235.65,236.78,3
244.23,235.37,234.59,3
245.24,237.92,256.08,3
243.95,237.65,250.07,3
245.69,237.24,251.39,3
244.95,237.68,233.3,3
245.51,237.56,237.62,3
246.51,238.89,231.72,3
244.13,237.32,249.39,3
245.65,239.26,245.93,3
246.36,235.67,230.52,3
246.55,235.91,236.31,3
243.29,236.6,225.84,3
245.13,237.92,250.62,3
244.95,237.02,236.23,3
245.29,237.65,228.15,3
245.89,239.73,252.31,3
245.08,234.73,240.43,3
245.57,238.35,234.4,3
244.28,239.85,227.21,3
247.38,239.83,243.05,3
244.51,240.07,255.51,3
244.96,235.43,239.15,3
245.49,238.62,246.4,3
243.5,238.41,249.37,3
245.55,236.27,252.08,3
243.45,238.21,249.28,3
245.38,238.14,240.01,3
245.48,237.83,239.25,3
244.98,236.63,228.66,3
245.71,236.85,234.29,3
246.74,237.75,252.52,3
242.62,236.07,238.86,3
247.83,237.64,241.5,3
245.26,240.26,229.38,3
245.09,236.68,254.25,3
246.41,240.09,242.9,3
244.52,237.56,250.68,3
243.53,237.61,247.52,3
245.51,238.79,232.54,3
245.01,237.18,235.51,3
245.32,238.61,254.09,3
247.58,239.95,253.78,3
245.14,238.38,236.72,3
246.56,239.46,243.36,3
246.64,239.57,235.25,3
245.19,236.76,235.93,3
244.82,239.96,250.19,3
245.76,239.5,248.3,3
242.52,236.99,231.2,3
243.94,239.06,253.62,3
246.79,239.09,241.49,3
246.16,234.98,232.46,3
245.47,237.86,243.04,3
246.17,239.22,236.14,3
246.28,236.8,255.73,3
245.24,237.63,231.86,3
244.57,238.11,252.32,3
245.59,236.63,234.7,3
243.96,239.72,254.96,3
245.35,238.13,243.18,3
245.66,237.95,240.64,3
245.57,237.22,228.67,3
242.97,239.24,232.94,3
244.01,240.75,241.36,3
243.66,240.74,225.3,3
243.61,237.24,255.14,3
243.92,237.58,240.69,3
245.18,237.94,249.54,3
243.06,236.91,252.1,3
246.69,237.74,229.71,3
244.5,238.66,228.76,3
245.49,238.28,240.37,3
243.95,236.86,224.1,3
244.77,236.62,249.17,3
246.59,237.21,237.56,3
244.78,238.13,255.1,3
245.57,238.02,225.53,3
244.96,237.93,234.56,3
244.37,238.42,242.59,3
244.61,234.85,240.64,3
245.01,234.82,234.81,3
244.6,240.33,230.52,3
242.38,236.99,243.39,3
244.68,235.67,223.92,3
245.56,239.47,247.9,3
246.95,238.47,226.57,3
246.41,235.01,234,3
243.46,236.96,246.47,3
246.58,239.51,253.29,3
242.85,236.37,247.38,3
244.68,238.38,247.19,3
245.26,237.18,234.62,3
244.77,235.42,247.82,3
244.43,237.12,231.16,3
245.25,236.11,228.05,3
246.12,238.32,244.67,3
245.7,237.6,231.47,3
247.83,238.26,240.34,3
245.13,240.16,236.2,3
242.74,235.88,249.9,3
246.37,237.24,237.71,3
246.43,238.18,255.73,3
245.04,237.2,229.03,3
243.14,235.84,231.07,3
244,239.15,251.57,3
244.95,238.33,250.76,3
244.13,237.18,254.94,3
245.21,237.91,235.13,3
247.83,239.41,242.73,3
247.54,239.07,230.9,3
244.49,239.82,252.89,3
245.78,238.33,253.68,3
244.99,238,232.87,3
244.76,239.32,254.89,3
244.79,239.1,224.27,3
246.25,238.71,228.3,3
242.47,238.52,248.63,3
243.72,240.69,239.84,3
245.17,237.64,250.89,3
247.61,239.7,245.23,3
242.63,237.42,243.72,3
245.37,237.33,227.93,3
246.63,239.22,239.35,3
246.47,237.24,225.19,3
244.68,238.09,229.29,3
243.27,238.7,249.91,3
245.15,238.58,225.97,3
246.29,238.73,235.46,3
247.01,238.16,233.04,3
246.29,240.88,227.25,3
245.05,237.93,240.88,3
243.39,239.66,231.8,3
244.79,237.49,234.54,3
245.9,238.15,225.81,3
245.43,237.41,253.54,3
242.68,238,232.67,3
245.11,237.69,241.05,3
245.21,237.77,249.5,3
245.7,240.74,237.05,3
245.67,237.11,226.55,3
247.8,239.04,234.72,3
242.54,238.54,249.76,3
246.15,237.04,234.36,3
242.58,239.16,244.38,3
245.19,237.89,232.69,3
247.97,238.81,248.11,3
244.63,234.83,227.44,3
245.44,238.06,247.44,3
244.77,237,233.73,3
244.81,235.39,255.35,3
244.79,236.32,233.87,3
247.29,236.41,240.74,3
245.46,240.12,255.54,3
245.03,237.95,248.9,3
244.88,238.46,252.42,3
245.41,237.11,237.66,3
244.67,238,235.1,3
246.01,234.78,249.31,3
247.72,236.48,229.67,3
245.76,236.08,239.6,3
245.02,237.81,247.62,3
242.36,237.35,243.85,3
245.41,238.42,243.11,3
245.19,238.21,250.33,3
242.76,238.69,246.9,3
245.18,237.68,250.95,3
242.93,238.4,249.82,3
244.52,237.41,228.83,3
246.19,239.53,224.63,3
245.32,238.72,236.65,3
243.49,236.7,228.95,3
246.33,238.49,244.69,3
245.23,239.44,229.34,3
246.95,236.73,231.56,3
245.67,237.32,232.94,3
246.17,238.47,254.03,3
245.14,236.97,240.65,3
245.81,238.67,245.5,3
246.11,238.11,251.9,3
245.36,238.66,252.36,3
242.57,236.54,228.07,3
244.71,239.63,245.34,3
246.52,237.51,241.74,3
242.47,237.31,249.8,3
244.62,235.84,244.56,3
242.36,238.85,247.17,3
243.1,236.12,242.54,3
246.92,237.3,251.18,3
243.12,235.52,233.73,3
246.88,238.59,252.35,3
246.46,237.43,256.08,3
245.61,240.17,233.17,3
245.3,238.49,248.27,3
246.4,240.06,232.04,3
246.62,236.29,247.12,3
245.6,238.32,246.82,3
244.74,237.14,228.95,3
242.9,236.18,234.06,3
244.9,237.42,249.7,3
243.32,236.28,239.14,3
243.36,238.71,229.42,3
245.06,238.35,244.51,3
245.48,238.28,226.44,3
245.24,236.73,236.28,3
245.19,237.81,252.82,3
243.51,236.09,238.66,3
244.19,239.91,253.02,3
246.71,237.96,241.49,3
246.37,236.45,229.63,3
244.67,238.49,251.36,3
245.16,240.8,241.96,3
246.62,235.81,255.57,3
244.81,239.08,226.38,3
244.99,236.24,246,3
245.41,237.84,237.77,3
243.72,236.62,239.78,3
244.05,238.08,240.43,3
245.06,237.9,247.6,3
245.73,238.77,236.23,3
244.99,236.5,244.22,3
245.12,238.55,233.87,3
245.18,237.66,246.2,3
242.33,238.87,255.32,3
245.53,240.06,250.62,3
244.58,236.32,224.57,3
244.45,236.76,228.25,3
244.62,237.22,245.03,3
247.4,237.33,244.14,3
246.26,238.51,229.32,3
246.82,239.65,234.35,3
244.44,237.18,232.28,3
245.97,235.83,238.28,3
246.21,236.73,248.27,3
245.6,235.1,239.2,3
248.22,238.61,249.02,3
244.08,239.43,227.3,3
245.45,239.88,238.41,3
243.36,238.59,241.42,3
245.71,238.12,249.04,3
245.68,238.81,253.81,3
244.81,240.11,243.65,3
245.55,237.99,242.88,3
247.59,236.21,235.5,3
245.37,237.71,237.69,3
245.07,239.18,228.28,3
245.65,238.32,250.61,3
244.52,234.92,239.79,3
245,240.08,226.98,3
245.06,237.76,233.97,3
244.28,238.66,228.57,3
245.07,237.91,251.55,3
246,240.52,250.52,3
245.24,240.22,251.25,3
243.12,239.07,226.72,3
245.75,239.28,252.5,3
245.26,236.87,240.52,3
245.92,237.21,225.11,3
245.88,239.51,233.55,3
244.54,239.22,247.77,3
247.75,239.33,255.53,3
245.43,238.31,249.73,3
245.17,239.5,236.1,3
246.43,238.17,234.49,3
247.5,235.85,236.07,3
245.24,237.74,228.26,3
244.28,235.31,229.33,3
246.39,238.95,236.62,3
246.04,237.34,228.22,3
244.99,237.78,235.92,3
244.49,239.07,227.34,3
244.66,236.48,254.14,3
245.24,237.84,229.07,3
245.6,237.06,226.68,3
245.46,236,224.51,3
246.5,237.6,248.14,3
247.74,236.57,246.01,3
245.55,237.29,251.19,3
246.39,237.81,247.28,3
246.89,237.41,249.76,3
246.34,235.9,236.76,3
247.26,239.9,248.46,3
244.22,236.92,246.63,3
246.24,237.74,226.16,3
244.49,237.02,229.08,3
246.68,240.07,225.16,3
245.42,235.7,245.06,3
242.77,237.93,238,3
244.51,237.69,227.55,3
245.76,237.89,230.85,3
244.44,235.08,232.96,3
244.75,237.74,248.23,3
246.29,239.75,224.84,3
245.75,239.77,251.46,3
245.16,237.53,243.25,3
246.33,238.78,250.97,3
246.56,239.25,244.38,3
243.22,236.21,233.94,3
243,239.78,226.76,3
242.51,237.23,237.74,3
245.5,238.88,246.33,3
245.57,238.82,238.51,3
243.71,238.31,224.02,3
244.97,236.48,250.99,3
243.66,237.09,229.06,3
245.83,236.62,232.52,3
242.93,236.93,228,3
247.53,238.71,228.61,3
244.16,237.74,226.19,3
244.77,238.46,251.75,3
245.28,237.92,250.73,3
246.07,237.8,248.45,3
245.6,237.46,225.08,3
246.27,237.64,244.85,3
245.31,237.95,240.01,3
245.48,237.86,247.44,3
243.01,238.86,232.12,3
245.31,236.14,254.73,3
246.96,238.05,231.56,3
247.81,239.8,232.27,3
244.52,236.43,246.12,3
242.9,240.03,251.74,3
246.39,236.83,223.9,3
244.21,235.73,255.42,3
244.92,237.68,229.14,3
242.68,237.6,229.32,3
246.11,238.52,224.78,3
244.09,236.31,230.76,3
246.31,237.67,233.41,3
245.6,238.1,235.36,3
247.03,240.22,236.57,3
242.34,237.74,234.13,3
245.13,237.85,234.73,3
242.96,239.79,238.83,3
246.68,239.02,226.89,3
245.78,237.05,251.04,3
245.81,237.05,242.64,3
247.82,237.16,240.4,3
245.43,238.09,239.35,3
245.23,237.93,251.51,3
246,239.49,255.81,3
242.33,238.97,239.07,3
244.39,240.17,227.99,3
244.59,235.99,239.16,3
244.74,238.88,232.8,3
245.52,237.94,231.27,3
245.13,237.86,243.89,3
247.37,237.92,227.42,3
245.89,238.6,233.35,3
243.9,236.9,228.9,3
243.76,237.22,231.53,3
243.22,238.9,253.12,3
244.02,239.56,250.53,3
245.4,239.39,228.48,3
243.43,237.09,235.14,3
246.21,237.83,227.78,3
245.67,236.23,244.37,3
244.94,234.79,249.57,3
246.9,237.34,238.4,3
243.87,235.72,254.3,3
245.17,237.87,224.43,3
245.19,237.55,225.42,3
246.08,238.26,245.74,3
245.53,239.14,242.31,3
244.07,238.49,245.72,3
244.62,239.14,239.95,3
245.46,240.42,243.81,3
244.54,236.93,234.98,3
244.42,238.2,255.18,3
245.23,238.72,230.85,3
243.07,237.8,244.55,3
244.5,237.07,237.49,3
244.66,239.17,240.35,3
244.05,238.21,241.52,3
244.99,237.48,248.59,3
247.93,236.18,247.5,3
245.16,237.45,232.3,3
246.29,240.66,238.04,3
242.14,237.64,238.67,3
245.36,237.87,240.86,3
246.65,236.97,227.81,3
243.21,236.7,242.34,3
246.14,237.31,239.09,3
243.8,237.43,253.11,3
246.02,235.08,233.78,3
244.86,236.23,233.25,3
246.38,239.33,253.82,3
246.67,238.38,242.69,3
244.68,237.51,242.02,3
245.96,238.23,253.46,3
247.01,236.15,245.62,3
245.25,237.34,239.19,3
245.06,236.08,249.03,3
246.71,240.63,225.55,3
245.2,237.92,238.02,3
244.2,237.43,241.58,3
247.24,239.66,244.13,3
243.89,237.29,247.38,3
242.76,239.02,243.54,3
245.17,238.51,250.16,3
247.16,239.61,245,3
243.97,239.5,250.27,3
244.84,238.8,230.67,3
244.96,236.6,239.92,3
242.95,239.18,232.06,3
244.53,236.7,241.33,3
245.54,238.08,234.15,3
243.2,236.91,248.24,3
246.2,235.4,244.17,3
245.07,240.53,238.8,3
246.9,237.16,230.21,3
244.76,237.94,253.93,3
245.71,236.81,250.24,3
246.9,236.04,248.16,3
246.36,238.78,228.94,3
245.33,236.95,231.1,3
247.4,239.89,239.14,3
244.3,238.42,250.37,3
245.87,238.06,243.93,3
246.34,237.54,230.64,3
243.24,237.09,256.06,3
244.81,235.53,241.44,3
244.11,238.67,242.73,3
245.57,236.48,254.17,3
244.31,240.12,228.1,3
245.56,238.38,245.7,3
245.42,236.14,247.93,3
245.97,238.5,248.71,3
243,237.65,238.43,3
241.12,233.18,201.58,4
240.03,230.7,216.29,4
238.69,230.18,206.7,4
241.92,231.92,196.3,4
239.8,234.58,216.6,4
239.95,231.96,200.24,4
241.57,231.39,205.1,4
240.65,234.74,199.75,4
242.84,231.2,194.83,4
240.55,230.98,194.65,4
239.98,232.4,210.15,4
241.68,229.53,213.16,4
239.79,232.62,197.03,4
238.01,230.74,214.42,4
239.2,232.73,196.2,4
240.28,231.79,203.72,4
240.47,230.09,221.83,4
241.1,232.54,215.18,4
240.03,232.23,217.19,4
239.24,229.94,218.86,4
241.4,230.17,216.77,4
240.66,231.21,215.24,4
240.33,232.52,218.38,4
242.91,232.47,209.73,4
239.3,231.77,198.14,4
238.96,230.69,215.53,4
238.58,231.83,199.29,4
240.6,232.12,204.64,4
243,231.88,197.92,4
239.24,229.39,204.39,4
240.49,231.27,219.23,4
238.37,232.85,208.14,4
241.26,231.95,211.46,4
242.32,233.04,221.05,4
240.33,231.9,193.25,4
237.85,232.15,200.02,4
241.44,231.25,210.84,4
240.98,234.31,213.8,4
239.87,231.88,203.03,4
239.28,233.48,198.47,4
240.32,231.95,214.32,4
239.86,232.03,218.39,4
240.76,231.34,202.89,4
240.96,233.14,209.4,4
238.43,230.94,195.57,4
239.63,230.99,195.01,4
239.18,231.83,194.58,4
237.9,230.09,217.21,4
240.57,231.9,220.18,4
242.97,231.81,219.71,4
240.08,231.46,205.19,4
239.47,230.95,193.97,4
241.47,232.01,207.57,4
239.85,234.12,205.21,4
238.51,229.89,207.12,4
241.09,232.08,209.49,4
237.51,232.92,208.08,4
238.49,230.07,204.18,4
240.4,231.85,206.88,4
240.17,231.43,199.18,4
238.38,229.62,218.2,4
240.91,233.1,211.18,4
241.57,231.53,201.42,4
241.6,230.94,213.38,4
238.35,230.33,201.49,4
239.99,231.62,205.94,4
237.61,231.52,205.53,4
240.03,234.21,196.15,4
240.67,230.07,201.79,4
239.38,233.28,210.88,4
240.9,232.58,211.59,4
241.58,231.66,209.75,4
240.32,231.55,213.1,4
240.23,231.39,213.04,4
240.16,232.27,216.42,4
239.84,232.44,194.56,4
238.76,231.91,210.83,4
238.77,233.58,198.27,4
241.4,231.98,217.88,4
238.64,230.91,193.55,4
240.66,231.42,219.29,4
242.85,231.22,200.45,4
239.58,232.35,198.01,4
239.06,232.55,210.96,4
238.13,230.84,213.02,4
240.65,232.25,211.84,4
240.67,232.38,204.88,4
242.28,233.59,195.42,4
239.83,233.37,203.99,4
239.99,231.6,213.34,4
238.79,232.45,198.95,4
242.92,230.84,200.36,4
239.88,232.41,221.4,4
240.93,230.06,221.35,4
240.22,232.65,198.04,4
238.48,230.94,213.07,4
240.23,229.96,196.56,4
238.38,230.09,212.02,4
240.48,231.79,207.74,4
240.38,233.47,195.23,4
238.53,232.81,198.13,4
240.32,230.92,196.97,4
241.85,229.61,210.15,4
242.27,230.04,209.27,4
241.21,231.65,211.53,4
239.21,234.27,200.36,4
241.53,231.51,200.3,4
241.02,234.48,198.17,4
242.11,230.11,199.51,4
240.49,230.4,193.32,4
239.19,233.11,220.36,4
239.77,230.53,216.03,4
240.45,231.42,192.57,4
240.41,232.67,204.79,4
240.72,232.13,212.98,4
242.01,232.23,202.81,4
239.7,231.7,215.98,4
239.72,233.05,205.71,4
237.76,231.5,211.8,4
237.42,231.58,206.67,4
242.57,230.12,195.6,4
240.63,230.81,204.53,4
239.77,230.22,199.14,4
241.88,230.88,210.2,4
241.98,231.85,204.53,4
242.8,231.19,214.29,4
240.58,231.81,220.11,4
238.41,232.14,216.24,4
239.36,230.69,197.56,4
239.2,232.39,195.28,4
238.55,230.88,195.52,4
239.35,231.55,211.9,4
241.86,231.86,205.32,4
238.95,232.14,219.55,4
241.01,233.48,198.26,4
242.36,232.06,198.83,4
240.02,231.9,200.95,4
240.76,231.62,210.85,4
239.75,231.73,200.03,4
239.63,232.2,217.91,4
241.59,231.62,198.44,4
242.2,231.6,215.71,4
239.45,229.06,203.48,4
239.5,229.65,208.98,4
241.03,231.81,194.45,4
238.36,232.66,218.59,4
240.21,234.23,205.34,4
240.93,234.61,218.69,4
237.31,232,206.93,4
237.68,230.43,203.78,4
239.33,231.9,205.26,4
240.73,232.72,196.61,4
239.62,231.47,211.62,4
242.2,230.39,198.24,4
240.29,231.69,218.38,4
240.7,229.44,202.07,4
241.48,232.09,201.21,4
242.24,232.07,204.73,4
239.16,229.93,205.28,4
237.84,231.3,212.44,4
240.95,232.1,220.69,4
240.92,232.5,202.47,4
240.1,232.69,201.45,4
239.69,232.84,221.18,4
238.72,231.14,216.56,4
241.29,233.74,216.29,4
239.75,229.24,201.47,4
238.68,233.79,215.94,4
239.09,231.13,215.52,4
240.09,231.91,218.27,4
239.93,233.04,195.78,4
240.38,230.01,205.34,4
240.39,229.62,219.38,4
237.86,230.49,221.93,4
240.79,232.69,198.76,4
241.67,232.39,219.13,4
237.39,230.93,199.31,4
240.33,231.86,201.59,4
239.51,232.41,203.26,4
239.56,232.62,202.74,4
238.62,233.46,195.78,4
239.4,232.56,216.51,4
240.33,229.23,212.86,4
240.37,230.52,211.32,4
240.15,231.49,202.19,4
238.4,233.31,210.4,4
238.15,230.75,201.98,4
240.87,230.87,196.01,4
241.28,230.64,218.66,4
242.31,231.65,193.91,4
240.35,232.58,193.69,4
237.85,231.16,214.92,4
241.45,231.56,199.89,4
240.3,231.85,193.45,4
240.64,232.86,193.78,4
239.52,233.45,214.67,4
242.47,231.42,200.16,4
239.21,230.71,203.17,4
241.54,231.04,203.08,4
240.43,229.56,210.71,4
238.26,231.29,221.36,4
237.45,230.99,220.94,4
239.18,229.16,196.67,4
239.7,231.11,193.18,4
241.17,230.99,220.8,4
238.04,233.37,220.6,4
243.05,232.15,205.29,4
240.07,232.07,207.35,4
239.91,232.03,197.04,4
237.47,232.11,194.75,4
239.94,233.29,206.89,4
240.47,230.95,196.55,4
241.87,231.04,203.68,4
241.33,233.92,209.01,4
238.47,232.84,197.29,4
240.03,232.88,215.53,4
242.27,230.88,218.15,4
240.19,233.35,205.39,4
242.08,230.39,205.28,4
241.32,232.51,195.68,4
239.93,232.09,210.21,4
240.07,232.13,204.95,4
240.15,229.55,200.14,4
239.08,232.81,214.09,4
241.12,233.35,214.71,4
238.81,233.64,216.44,4
239.65,229.74,208.32,4
238.14,232.79,212,4
239.37,231.44,209.22,4
241.22,231.52,212.33,4
239.99,231.35,205.94,4
238.9,229.98,212.21,4
241.68,233.13,211.41,4
241.44,232.18,196.84,4
239.44,232.16,208.07,4
239.68,232.29,213.9,4
239.81,231.3,208.87,4
239.42,230.58,221.21,4
239.84,231.74,206.89,4
239.91,232.03,207.43,4
238.02,232.76,217.51,4
240.35,233.24,208.12,4
240.38,234.27,198.98,4
239.75,230.74,210.43,4
241.14,229.87,202.4,4
239.48,230.31,218.01,4
238.96,229.96,211.13,4
240.49,232.08,199.83,4
240.41,231.76,200.27,4
240.07,231.49,212.76,4
240.43,231.68,209.87,4
240.1,233.07,208.47,4
240.06,232.31,216.63,4
240.63,231.97,212.88,4
238.83,231.92,211.71,4
239.78,231.65,210.74,4
240.25,231.85,200.19,4
241.56,229.89,205.74,4
240.62,232.42,198.04,4
240.01,231.16,199.18,4
238.46,231.41,215.73,4
240.51,231.44,218.53,4
241.56,231.11,203.58,4
240.42,230.67,203.28,4
242.06,230.84,200.45,4
239.78,231.67,213.77,4
239.83,233.02,206.17,4
238.97,234.3,214.1,4
241.53,231.45,193.02,4
239.5,230.85,200.76,4
239.95,232.21,211.39,4
242,232.7,204.82,4
240.96,231.19,217.46,4
240.94,232,218.24,4
240.15,230.95,205.28,4
240.09,232.21,206.92,4
238.44,232.37,194.65,4
240.14,229.51,214.95,4
240.92,233.02,200.09,4
238.62,232.17,207.74,4
237.9,231.41,215.11,4
241.9,233.94,219.29,4
240.75,232.09,205.77,4
241.58,229.98,216.64,4
240.25,231.94,221.03,4
241.02,229.66,200.6,4
239.7,231.87,210.89,4
241.91,232.63,193.71,4
240.91,233.1,204.65,4
241.38,231.31,207.79,4
240.53,231.67,200.47,4
240.18,232.54,209.8,4
241.11,232.44,201.61,4
240.19,231.88,214.45,4
240.52,233.77,209.96,4
238.81,232.11,216.56,4
238.44,230.37,193.33,4
241.13,231.68,218.76,4
240.2,231.65,213.2,4
240.26,231.83,203.81,4
237.79,232.85,196.41,4
237.97,232.88,207.57,4
241.84,233.4,193.36,4
237.92,232.61,194.99,4
239,231.88,209.65,4
242.98,231.71,212.64,4
241.01,232.01,212.68,4
241.04,232.75,195.4,4
240.62,232.78,220.63,4
240.37,232.29,206.88,4
239.89,233.51,219.66,4
239.99,231.71,204.51,4
238.37,231.53,204.44,4
242.02,232.08,209.82,4
238.97,234.06,216.98,4
242.78,233.28,218.17,4
240.24,231.68,210.08,4
241.86,231.01,209.05,4
239.11,233.36,220.29,4
240.13,231.81,215.87,4
240.21,231.81,218.8,4
239.6,233.35,204.63,4
241.69,232.42,217.34,4
237.76,233.1,218.33,4
241.86,231.13,205.05,4
240.32,231.2,205.84,4
242.59,232.62,198.23,4
239.13,231.29,201.55,4
239.47,233.16,207.8,4
240.32,231.12,220.39,4
240.13,232.47,218.79,4
241.88,232.48,211.24,4
241.96,232.46,206.24,4
238.31,232.73,221.62,4
238.8,232.26,203.63,4
238.75,229.87,218.85,4
240.91,232.37,204.94,4
241.64,233.27,214.14,4
240.22,231.84,218.46,4
241.78,229.62,207.34,4
240.32,232.24,219.71,4
241.11,231.89,217.87,4
238.48,230.89,214.16,4
240.2,231.87,215.82,4
240.06,231.08,210.5,4
238.42,233.35,198.98,4
242.3,233.37,221.87,4
240.68,230.72,219.27,4
240.19,233.1,211.87,4
239.82,231.99,215.4,4
241.07,231.48,207.03,4
241.34,230.67,194.65,4
240.56,230.16,210.38,4
241.12,231.47,212.36,4
238.92,232.12,207,4
240.3,232.05,193.99,4
241.46,231.33,196.99,4
239.06,234.08,202.97,4
241.5,230.37,198.65,4
240.27,234.13,201.33,4
240.28,233.81,216.61,4
241.04,230.98,196.42,4
240.42,231.65,202.35,4
241.52,233.17,206.19,4
240.83,231.66,195.08,4
239.96,231.65,214.11,4
240.92,232.11,208.55,4
238.7,230.52,218.72,4
242.03,231.88,219.23,4
240.02,231.31,221.11,4
240.02,231.16,206.47,4
240.52,233.26,205.51,4
240.59,233.89,208.71,4
240.9,232.4,198.29,4
239.32,231.77,192.47,4
240.55,232.94,197.79,4
241.29,229.22,199.82,4
239.19,230.54,211.33,4
241.71,231.4,212.56,4
240.16,234.44,221.44,4
240.61,230.44,215.29,4
240.49,231.48,213.02,4
241.47,231.24,194.3,4
241.64,232.96,198.25,4
240.25,231.36,216.16,4
241.53,233.73,205.1,4
239.83,234.37,196.82,4
238.74,230.9,199.02,4
241.18,234.5,217.65,4
238.21,233.97,194.38,4
240.03,231.7,217.07,4
239.37,231.96,199.56,4
239.09,231.7,193.52,4
241.96,230.93,218.4,4
239.99,231.55,193.72,4
240.05,230.73,217.86,4
239.81,233.48,204.8,4
241.02,229.71,214.43,4
238.61,231.42,207.82,4
240.76,233.13,214.12,4
239.09,230.03,211.07,4
240.14,231.68,196.81,4
240.7,233.14,211.86,4
239.47,232.08,203.14,4
240.23,232.56,200.5,4
240.73,231.07,197.25,4
240.29,232.33,208.23,4
242.87,232.96,216.61,4
240.56,229.33,217.66,4
240.74,234.27,205.92,4
239.92,232.72,209.26,4
239.6,231.62,199.27,4
240.09,232.9,200.54,4
240.47,232.98,219.75,4
242.13,233.2,215.35,4
238.71,231.61,194.82,4
241.92,231.75,214.24,4
242.29,231.94,205.24,4
238.73,232.1,214.47,4
240.22,231.87,193.12,4
239.25,230.85,221.7,4
241.07,231.69,192.8,4
238.27,231.85,193.98,4
240.08,233,215.46,4
239.9,232.24,200.05,4
238.05,233.88,199.04,4
240.18,231.88,214.75,4
238.48,230.94,209.28,4
239.66,231.08,213.53,4
238.29,229.85,199.11,4
241.31,229.62,212.46,4
241.22,232.25,194.65,4
240.91,231.64,206.12,4
241.09,229.49,203.03,4
238.77,229.39,214.08,4
240.05,231.89,220.74,4
239.82,230.55,205.45,4
239.1,232.91,211.09,4
242.15,231.52,209.78,4
240.98,231.76,220.27,4
240.1,233.65,214.26,4
238.58,231.97,206.66,4
240.18,232.43,206.75,4
239.05,233.22,197.59,4
239.33,232.78,205.16,4
241.87,232.89,201.67,4
239.25,233.23,221.87,4
239.59,232.65,198.88,4
241.65,231.42,197.76,4
239.04,232.59,214.97,4
240.82,230.43,195.31,4
238.85,232.1,194.45,4
239.7,232.4,214.64,4
240.42,231.94,200.46,4
237.81,232.89,206.57,4
242.16,233.73,197.39,4
240.05,232.02,212.67,4
241.17,234.34,205.48,4
239.85,234.68,193.51,4
239.07,230.4,203.33,4
240.92,232.48,215.41,4
238.94,230.66,209.18,4
240.18,231.93,195.45,4
240.57,232.91,209.65,4
240.24,231.83,216.65,4
240.25,234.64,199.04,4
238,231.62,212.06,4
242.34,230.14,201.03,4
238.08,233.15,198.65,4
238.5,231.33,205.13,4
241.02,231.06,217.04,4
240.22,229.58,193.57,4
239.87,232.15,216.82,4
240.35,229.47,208.68,4
240.22,231.85,216.56,4
239.74,231.37,193.52,4
240.92,232.79,205.36,4
238.02,231.95,198.97,4
240.23,231.77,209.7,4
241.75,232.26,209.3,4
238.6,232.8,215.5,4
240.26,231.74,215.61,4
240.29,231.97,193.94,4
238.97,234.52,202.17,4
241.14,231.07,207.55,4
239.09,231.56,209.03,4
241.08,231.33,211.68,4
240.19,231.79,200.27,4
237.8,231.69,217.09,4
239.76,232.51,199.66,4
239.64,231.15,209.81,4
240.25,231.82,219.38,4
240.15,232.07,217.08,4
240.75,230.3,198.32,4
239.23,232.67,218.02,4
239.14,230.7,213.34,4
242.51,230.45,216.02,4
241.12,231.83,206,4
239.14,230.59,194.55,4
240.51,232.12,211.67,4
231.83,216.51,155.22,5
235.71,221.86,191.55,5
229.97,220.88,166.82,5
231.06,200.06,180.92,5
229.9,222.06,157.87,5
231.26,213.17,179.63,5
233.74,225.49,155.1,5
234.83,198.62,163.72,5
231.05,219.95,164,5
235.35,206.64,163.68,5
234.25,221.87,170.13,5
232.63,197,177.86,5
232.49,221.23,155,5
232.56,208.24,173.61,5
235.11,198.7,184.54,5
230.18,196.32,174.46,5
229.9,213.45,172.68,5
232.42,211.28,173.07,5
234.23,200.87,181.6,5
233.2,214.22,178.44,5
234.12,226.82,191.52,5
230.07,201.29,161.91,5
230.67,216.9,185.07,5
230.06,202.22,178.61,5
229.66,202.22,177.05,5
230.75,203.28,183.57,5
231.62,220.93,163.96,5
235.52,196.05,165.1,5
230.01,211.33,166.68,5
231.48,217.01,176.74,5
229.69,201.61,164.36,5
229.84,198.4,160.93,5
233.1,202.76,161.12,5
231.45,199.44,183.58,5
235.71,217.75,172.39,5
232.34,206.2,156.53,5
233.18,199.61,187.05,5
231.11,223.33,164.59,5
235.22,224.43,162.08,5
231.46,196.73,184.29,5
230.83,204.21,156.09,5
230.81,225.69,166.68,5
234.63,210.56,185.38,5
230.69,216.93,190.58,5
235.74,228.08,158.45,5
233.64,223.65,189.02,5
231.75,198.08,187.16,5
229.61,203.02,171.7,5
231.53,215.85,185.96,5
232.11,220.83,169.8,5
229.8,219.96,174.96,5
230.5,206.44,169.07,5
231.33,205.39,165.81,5
231.83,204.46,174.45,5
232.95,206.57,168.97,5
229.93,225.86,172.56,5
232.21,205.63,175.48,5
229.8,200.4,175.69,5
235.44,228.33,154.29,5
233.3,219.88,163.09,5
232.41,209.68,155.89,5
231.76,210.31,187.81,5
233.85,208.21,161.38,5
233.23,213.26,176.84,5
235.39,207.57,164.76,5
231.75,210.11,172.92,5
233.99,217.86,183.02,5
232.95,213.97,184.85,5
229.72,221.45,167.63,5
230.23,199.86,175.03,5
231.46,201.86,172.37,5
234.79,218.62,158.87,5
232.28,210.86,191.16,5
230.76,214.25,181.56,5
230.82,222.75,159.89,5
230.17,202.92,161.26,5
234.52,222.51,165.28,5
234.99,202.05,189.7,5
234.95,208.83,190.09,5
233.38,202.95,191.5,5
233.53,204.55,180.08,5
234.98,228.11,168.42,5
233.7,209.72,169.53,5
235.69,214.89,169.65,5
229.69,198.35,173.21,5
232.68,227.49,182.01,5
232.95,220.32,175.51,5
233.61,214.35,187.11,5
235.72,223.08,162.19,5
232.82,227.46,171.47,5
230.77,219.45,181.07,5
230.54,216.69,180.67,5
234.38,198.05,160.26,5
229.68,223.46,180.47,5
233.42,222.47,177.32,5
231.84,219.85,181.73,5
234.48,210.4,189.19,5
234.74,216.48,166.04,5
233.04,221.39,161.19,5
231.5,201.52,157.52,5
231.56,199.18,182.48,5
235.42,227.87,165.15,5
234.7,203.89,167.14,5
234.89,221.27,161.76,5
235.52,210.99,190.21,5
229.55,203.55,182.37,5
232.57,221.6,161.19,5
230.35,198.55,158.69,5
230.11,213.09,186.34,5
233.57,223.76,186.73,5
231.41,222.8,171.23,5
231.98,202.54,187.34,5
233.85,217.76,156.44,5
232.28,204.49,170.1,5
234.47,201.77,188.02,5
232.87,227.33,185.56,5
232.05,208.61,161.21,5
234.01,224.68,159.42,5
233.08,218.47,163.77,5
233.95,202.44,159.74,5
235.72,202.51,182.71,5
230.88,227.11,181.63,5
230.1,206.52,176.18,5
231.59,196.3,171.68,5
231.25,218.51,167.89,5
231.86,226.39,186.49,5
230.94,198.52,172.95,5
230.46,209.04,165.67,5
231.44,199.71,191.22,5
234.61,215.32,178.49,5
233.16,220.8,191.08,5
232.61,203.91,169.16,5
235.24,204.16,174.77,5
234.43,198.92,174.86,5
233.82,204.04,153.99,5
234.82,203.51,172.44,5
233.65,207.31,182.93,5
233.88,208.62,166.5,5
234.67,206.1,186.51,5
233.2,219.51,159.74,5
233.87,225.43,163.07,5
231.03,228.19,158.7,5
229.85,211.14,165.52,5
234.56,208.27,155.54,5
232.34,219.12,158.37,5
234.16,217.43,168.3,5
230.33,204.22,158.69,5
235.21,197.19,174.81,5
232.29,216.61,170.26,5
231.23,200.94,185.74,5
232.95,218.46,164.74,5
231.19,218.28,160.49,5
233.6,205.79,180.24,5
231.03,218.68,179.76,5
229.82,206.37,170.02,5
230.5,209.87,165.63,5
232.26,200.61,174.72,5
230.38,213.88,166.36,5
233.74,201.21,165.6,5
234.96,220.13,155.62,5
230.64,217.88,185.02,5
230.84,215.92,179.24,5
229.81,200.98,169.52,5
230.91,212.93,164.15,5
229.85,219.31,188.89,5
229.93,222.39,158.91,5
232.22,210.14,161.08,5
230.16,200,165.35,5
233.04,205.9,177.29,5
235.71,226.13,153.5,5
233.81,217.76,163.93,5
233.58,214.5,184.55,5
234.15,215.22,185.73,5
234.05,227.16,169.92,5
230.32,218.79,187.12,5
235.27,221.26,166.58,5
230.05,203.96,181.16,5
230.14,215.72,179.76,5
233.89,211.79,159.2,5
232.33,215.48,158.47,5
235.55,198.38,155.8,5
231.72,224.93,162.7,5
233.3,221.08,183.65,5
232.64,200.09,171.5,5
234.65,216.51,175.64,5
230.97,208.99,158.41,5
234.67,202.28,172.95,5
233.05,226.32,170.72,5
234.51,225.85,181.43,5
235.77,226.72,159.34,5
232.92,214.55,155.11,5
233.83,217.17,191.17,5
235.82,213.34,185.31,5
230.21,200.82,184.97,5
235.99,211.55,159.07,5
234.16,198.84,180.58,5
231.87,222.09,160.55,5
234.42,203.05,184.79,5
235.24,196.61,163.6,5
229.55,205.04,153.47,5
230.94,217.16,185.97,5
232.2,196.43,167.31,5
233.96,201.63,188.73,5
230.47,199.56,187.62,5
230.31,226,178.43,5
233.89,223.43,166.31,5
230.18,204.99,156.63,5
232.17,222.73,187.93,5
232.49,197.36,164.74,5
230.65,212.74,182.95,5
233.65,216.68,178.04,5
235.62,204.81,173.65,5
229.56,221.48,173.48,5
234.49,223.65,179.44,5
233.07,227.85,174.25,5
232.43,199.08,168.38,5
232.83,217.05,177.17,5
231.64,214.08,168.16,5
231.08,201.38,161.06,5
231.89,219.65,191.03,5
232.29,206.5,180.58,5
231.07,217.77,166.9,5
233.7,202.65,169.86,5
232.1,200.47,190.31,5
230.52,213.22,187.01,5
233.04,227.03,190.08,5
234.12,218.47,187.59,5
231.14,209.45,189.09,5
233.2,223.3,155.84,5
232.85,202.92,160.04,5
233.95,197.73,165.4,5
232.55,207.32,165.99,5
229.88,196.52,191.06,5
231.17,222.14,183.79,5
230.04,199.21,160.22,5
230.31,197.29,172.7,5
230.75,209.38,169.13,5
230.46,225.78,184.45,5
233.54,204.15,153.68,5
233.42,207.13,182.79,5
232.53,199.37,159.18,5
235.99,227.65,176.93,5
234.03,221.25,160.37,5
230.75,214.93,159.74,5
233.02,209.68,168.72,5
231.38,225.01,187.49,5
233.27,224.31,164.15,5
229.53,227.08,181.42,5
230.9,226.42,189.46,5
234.65,201.5,190.41,5
235.03,222.15,159.55,5
234.36,217.93,174.64,5
231.19,217.28,166.19,5
234.42,224.15,176.62,5
232.53,212.51,154.01,5
231.73,203.84,154.7,5
235.52,223.16,170.05,5
235.44,207.85,184.15,5
231.04,197.96,157.5,5
235.3,206.65,164.67,5
234.46,202.53,155.65,5
235.3,206.02,171.4,5
231.17,221.14,177.25,5
229.73,211.32,171.74,5
233.01,207.04,166.22,5
234.17,223.75,191.26,5
235.05,206.3,153.54,5
233.06,227.63,180.57,5
233.31,207.83,157.31,5
233.75,197.35,190.6,5
230.97,201.66,173.69,5
230.36,198.23,159.55,5
231.69,201.74,178.68,5
233.98,199.09,192,5
230.1,227.48,168.06,5
230.92,201.18,158.82,5
233.07,205.58,160.93,5
234.8,199.14,157.77,5
230.13,215.11,175.91,5
230.69,217.25,165.12,5
235.1,196.26,160.85,5
233.82,224.48,167.8,5
231.36,201.39,159.14,5
235.31,228.02,188.81,5
235,221.59,172.47,5
233.95,220.4,177.78,5
235.88,213.26,164.18,5
231.9,222.06,172.08,5
232.89,213.87,162.09,5
234.94,216.31,181.34,5
232.45,209.51,182.61,5
232.35,197.7,173.43,5
231.66,214.67,189.54,5
231.67,198.79,160.06,5
230.23,221.36,173.72,5
233.06,203.99,166.53,5
234.7,218.77,164.99,5
234.92,204.13,180.61,5
234.83,213.46,155.46,5
233.16,215.35,191.59,5
232.74,226.73,176.07,5
231.13,215.86,189.16,5
231.53,217.05,162.27,5
234.01,202.19,162.83,5
234.42,202.39,180.14,5
234.31,198.8,187.66,5
230.81,226.23,158.26,5
235.26,207.19,162.92,5
229.73,224.43,173.03,5
234.97,218.15,163.93,5
231.16,224.35,179.5,5
231.45,226.46,161.48,5
235.81,223.42,184.6,5
233.02,226.95,174.39,5
229.8,203.65,174.67,5
235.84,212.14,169.56,5
235.97,214.47,186.19,5
233.99,202.74,159.33,5
234.67,225.04,169.52,5
230.94,227.13,162.59,5
234.81,197.02,170.21,5
231.25,221.78,173.41,5
235.97,211.09,170.06,5
231.84,204.01,168.65,5
229.95,222.09,157.12,5
234.48,228.08,163.87,5
229.99,204.35,169.87,5
231.12,219.04,155.01,5
230.71,215.26,160.14,5
229.6,203.98,156.08,5
232.51,207.64,188.06,5
231.97,200.79,169.49,5
235.17,219.9,176.96,5
233.16,196.47,187.23,5
234.16,218.08,161.47,5
229.94,198.52,190.22,5
234.46,220.55,153.74,5
232.75,199.28,187.95,5
234.08,211.41,161.6,5
233.69,210.1,160.47,5
231.47,226.83,162.56,5
233.31,206.28,164.76,5
235.94,218.02,191.65,5
233.6,218.64,191.4,5
230.3,206.75,159.77,5
233.78,218.49,189.91,5
231.59,215.47,177.15,5
233.72,209.08,190.31,5
232.14,197.2,184.37,5
231.28,226.22,175.93,5
230.96,210.51,160.44,5
235.02,212.67,190.33,5
231.64,207.49,183.12,5
230.52,213.41,166.1,5
230.33,203.74,170.89,5
235.67,207.06,191.05,5
232.67,218.78,182.98,5
233.62,196.89,183.95,5
233.07,226.75,154.42,5
232.15,200.1,160.26,5
232.18,206.63,163.37,5
235.23,201.41,160.22,5
235.06,202.45,188.46,5
233.46,224.23,184.15,5
231.77,217.36,154.75,5
235.56,216.56,178.14,5
235.55,208.27,175.26,5
234.87,198.63,192.22,5
230.36,222.83,186.86,5
230.86,204.81,188.58,5
233.01,208.25,179.64,5
235.07,196.45,187.94,5
231.98,223.45,173.48,5
235,199.17,176.52,5
233.8,207.87,181.3,5
235.66,213.63,162.67,5
233,215.18,158.07,5
234.71,205.89,174.65,5
229.6,223.67,174.23,5
232.99,221.99,186.76,5
233.72,225.07,176.49,5
231.11,210,153.58,5
233.02,220.94,156.44,5
229.75,219.29,190.6,5
233.85,223.24,191.33,5
233.69,218.33,188.83,5
235.18,202.13,165.51,5
235.83,200.95,191.77,5
229.55,204.96,161.68,5
234.09,213.06,174.43,5
232.05,223.81,169.24,5
234.92,228.28,163.56,5
233.62,221.46,179.96,5
233.96,213.84,155.41,5
234.07,200.46,185.96,5
235.82,199.52,173.88,5
233.08,196.93,158.45,5
235.72,202,172.2,5
233.18,212.67,175.46,5
231.85,220.53,156.16,5
229.82,221.35,159.65,5
232.7,214.8,173.02,5
231.16,201.47,170.18,5
234.74,210.5,168.24,5
232.2,202.21,159.1,5
235.6,197.2,183.54,5
235.28,217.3,165.14,5
232.66,205.58,159.27,5
232.66,220.22,169.37,5
230.08,223.78,185.94,5
231.49,212.85,181.37,5
235.69,219.53,187.2,5
229.77,211.42,182.88,5
235.45,205.57,177.29,5
233.81,227.06,186.52,5
231.59,218.92,172.35,5
234.84,202.5,181.4,5
229.68,206.66,190.12,5
230.53,224.6,166.59,5
234,220.96,174.78,5
235.64,198.86,174.47,5
235.97,225.65,188.12,5
229.81,205.55,185.66,5
233.28,207.91,185.79,5
230.68,203.14,191.09,5
233.64,224.89,185.53,5
234.13,220.29,182.69,5
235.64,196.8,165.82,5
231.9,223.77,157.05,5
231.09,223.53,164.12,5
231.96,202.36,158.73,5
233.47,207.54,187.16,5
230.22,203.75,190.26,5
233.63,225.78,187.77,5
231.34,218.78,159.28,5
231.88,197.95,155.23,5
233.33,224.86,191.65,5
232.74,211.02,181.98,5
230.85,211.48,155.19,5
229.63,215.26,165.91,5
230.32,221.08,185.56,5
232.68,223.78,171.49,5
233.74,223.74,174.03,5
231.69,200.89,189.64,5
231.06,203.66,187.52,5
235.68,226.29,166.25,5
234.85,217.73,175.14,5
230.29,220.82,185.4,5
232.97,224.51,178.47,5
234.22,202.04,167.54,5
231.49,215.28,187.9,5
235.42,226.01,181.22,5
235.83,210.81,155.88,5
235.11,215.3,188.46,5
229.99,205.19,171.3,5
229.59,213.57,190.09,5
232.89,212.01,171.31,5
234.22,215.96,181.09,5
232.89,209.76,182.74,5
235.32,215.31,161.37,5
233.15,212.5,184.22,5
233.63,222.89,175.88,5
235.52,223.95,172.5,5
233.46,219.53,153.48,5
234.85,226.98,157.76,5
230.54,219.82,182.17,5
230.03,211.86,154.55,5
230.23,198.56,170.73,5
234.54,207.96,171.55,5
234.4,220.92,175.85,5
232.26,213.07,188.6,5
232.56,217.72,169.67,5
233.31,217.39,159.51,5
230.41,201.71,160.57,5
231.43,219.83,182.12,5
233.85,198.21,180.5,5
230.12,222.71,179.02,5
232.58,205.92,176.91,5
231.49,215.41,157.01,5
235.75,220.26,170.99,5
230.55,224.92,185.02,5
233.5,224.61,171.05,5
231.96,219.79,165.62,5
231.48,199.88,185.55,5
235.68,213.97,176.97,5
233.35,208.57,189.81,5
235.15,203.59,185.72,5
232.28,208.79,164.51,5
233.72,217.79,163.67,5
231.53,197.81,168.6,5
229.68,217.33,153.49,5
234.92,213.62,182,5
231.39,196.71,178.31,5
231.39,225.7,186.71,5
230.3,210.9,185.9,5
232.55,196.95,168.31,5
229.76,212.16,169.48,5
229.62,221.05,185.43,5
230.48,222.86,182.5,5
231.92,226.51,184.84,5
235.41,225.25,176.04,5
235.89,219.81,186.69,5
231.81,225.92,177.19,5
234.31,219.42,169.02,5
233.62,218.51,172.44,5
233.35,198.35,154.51,5
235.15,224.31,185.41,5
235.12,227.99,190.26,5
235.19,206.73,191.29,5
229.89,216.74,154.34,5
235.21,203.93,166.04,5
231.64,221.04,168.04,5
232.28,221.77,190.18,5
230.85,218.61,189.7,5
233.93,219.55,175.54,5
234.52,214.85,167.68,5
235.92,228.07,191.45,5
235.66,214.02,178.06,5
232.45,202.16,169.83,5
235.85,225.86,160.76,5
231.43,208.93,166.96,5
230.39,224.7,157.66,5
232.39,202.87,190.98,5
233.86,225.14,178.43,5
235.54,211.56,179.62,5
230.06,212.16,181.89,5
231.85,210.04,165.72,5
235.86,213.79,181.06,5
230.22,201.17,155.21,5
234.63,226.43,174.19,5
231.28,207.44,185.22,5
232.98,216.46,168.77,5
233.87,208.24,166.88,5
233.04,221.73,155.5,5
234.29,201.13,189.67,5
232.67,221.43,157.42,5
234.51,206.73,174.25,5
231.44,216.23,153.59,5
233.15,201.47,191.28,5
232.39,221.37,170.63,5
230.07,220.81,178.73,5
234.21,221.23,177.33,5
235.62,198.08,174.04,5
230.08,211.13,158.84,5
235.8,225.96,172.2,5
232.96,217.68,157.98,5
235.17,225.77,156.36,5
231.02,226.87,161.92,5
233.58,228.03,188.75,5
229.95,199.32,168.35,5
230.89,225.12,156.58,5
235.47,202.5,190.58,5
229.98,201.2,155.13,5
231,223.18,159.05,5
234.47,210.72,157.99,5
232.68,209.86,158.48,5
233.88,202.65,177.61,5
231.88,226.88,156.72,5
234.71,211.95,170.47,5
234.9,215.1,168.94,5
234.49,221.09,178.49,5
233.67,207.35,182.76,5
230.07,202.11,154.63,5
230.54,211.01,182.46,5
234.53,218.65,181.55,5
230,210.84,164.04,5
233.55,205.85,179.67,5
231.43,220.73,180.7,5
233.48,222.1,175.38,5
233.64,208.79,187.39,5
232.97,213.53,180.53,5
231.15,227.15,170.1,5
232.6,211.72,184.13,5
231.25,226.91,180.38,5
229.52,198.9,158.17,5
234.71,218.93,153.55,5
233.25,203.55,172.1,5
235.78,208.51,185.91,5
229.55,224.44,171.15,5
234.23,224.51,186.7,5
234.55,200.01,189.8,5
234.71,199.33,176.12,5
229.63,198.36,157.28,5
235.02,199.86,156.94,5
231.93,199.13,160.25,5
231.15,208.46,160.56,5
232.23,220.15,189.81,5
233.23,208.3,157.64,5
233.73,198.81,171.65,5
229.54,214.45,183.4,5
231.65,219.42,176.23,5
234.36,203,168.55,5
233.73,206.78,183.05,5
231.57,217.56,161.13,5
233.82,214.77,184.1,5
233.59,206.16,156.62,5
231.48,200.69,162.38,5
233.18,215.36,169.22,5
230.83,216.13,189.12,5
233.87,199.94,161.2,5
231.72,221.51,178.76,5
233.69,212.13,173.48,5
231.04,223.5,162.12,5
235.9,211.28,162.12,5
229.76,214.54,154.69,5
229.59,214.32,188.72,5
230.02,225.77,182.29,5
234.73,210.85,184.05,5
234.67,216.61,177.02,5
234.91,220.73,169.87,5
230.39,204.98,190.86,5
233.95,208.64,189.89,5
232.1,223.38,169.77,5
235.89,210.22,184.57,5
234.37,212.61,184.2,5
231.85,199.28,160.34,5
235.76,226.01,155.97,5
231.37,203.3,186.4,5
229.7,227.82,181.9,5
231.17,223.08,191.74,5
235.49,196.5,169.41,5
235.26,219.4,182.08,5
233.74,216.17,163.57,5
233.35,198.48,181.31,5
230.31,204.06,173.53,5
234.51,216.29,188.42,5
230.39,201.59,160.64,5
234.97,205.53,160.35,5
231.13,196.3,165.08,5
235.22,198.04,183.61,5
234.31,214.36,178.4,5
232.53,210.46,172.29,5
229.88,197.16,157.79,5
235.35,208.21,166.39,5
234.96,202.67,190.67,5
230.77,221,155.82,5
230.54,227.04,169.66,5
231.04,196.41,167.57,5
233.84,206.85,168.35,5
231.3,223.65,187.22,5
231.54,216.97,178.9,5
231.13,203.18,180.45,5
234.88,202.53,166.31,5
230.65,213.65,189.82,5
232.01,217.83,175.58,5
233.69,207.63,161.38,5
232.81,216.93,166.11,5
231.36,225.47,169.04,5
234.76,212.91,186.67,5
230.05,211.21,177.19,5
232.17,220.77,165.3,5
230.18,200.53,179.07,5
229.69,200.22,184.47,5
231.91,223.69,182.13,5
231.77,219.58,153.9,5
232.55,204.93,161.45,5
231.33,224.35,191.21,5
231.16,217.98,162.08,5
231.59,212.02,161.28,5
231.42,204.14,168.09,5
234.37,205.6,157.35,5
232.77,203.11,172.46,5
235.11,226.63,177.14,5
234.08,197.23,166.04,5
235.52,204.68,175.87,5
235.27,213.25,167.59,5
230.17,227.13,164.21,5
234.11,220.2,157.84,5
232.59,210.35,161.49,5
231.75,209.43,170.97,5
235.8,225.89,168.06,5
232.33,212.49,167.3,5
235.87,211.84,192.13,5
232.55,225.16,187.32,5
229.57,210.14,159.08,5
231.64,211.1,167.14,5
234.85,210.23,153.67,5
229.7,220.39,161,5
235.6,200.33,167.53,5
230.2,198.29,189.49,5
234.66,203.72,186.97,5
231.37,196.77,187.67,5
230.49,213.34,168.54,5
230,213.76,164.65,5
232.93,223.23,159.62,5
231.06,205.21,167.82,5
232.26,197.53,187.04,5
229.88,204.64,175.88,5
230.18,201.83,181.28,5
232.76,214.89,190.02,5
230.19,212.99,178.97,5
235.94,221.11,157.9,5
230.45,196.29,187.31,5
230.7,198.83,183.11,5
231.43,200.82,189.47,5
230.23,224.09,172.02,5
233.72,226.69,177.18,5
235.49,217.67,189.38,5
230.69,214.33,173.75,5
233.25,222.54,162.38,5
232.48,201.98,191.66,5
233.84,212.3,180.8,5
231.35,224.47,185.53,5
229.89,210.37,186.13,5
234.88,224.36,175.3,5
233.47,196.46,173.85,5
230.06,210.28,163.86,5
234.9,212.18,188.03,5
232.18,204.9,179.64,5
232.11,226.86,168.01,5
232.36,206.68,161.23,5
234.98,224.91,167.72,5
235.3,201.6,175.86,5
232.6,208.23,164.99,5
234.26,198.1,174.64,5
233.22,202.91,156.38,5
231.56,212,188.73,5
231.26,228.08,170.82,5
234.43,221.39,187.59,5
232.7,209.36,189.47,5
233.15,200.32,161.06,5
235.82,206.38,189.95,5
234.63,211.81,178.87,5
235.43,200.13,163.15,5
229.75,224.72,168.44,5
234.86,212.21,164.04,5
231.28,226.9,168.92,5
233.81,202.42,173.45,5
233.72,219.51,178.67,5
233.61,203.58,168.16,5
235.49,204.51,189.36,5
230.35,221.4,158.98,5
233.8,219.25,157.82,5
232.39,204.95,168.24,5
230.71,211.25,161.16,5
232.28,218.66,182.22,5
234.14,204.25,176.89,5
232.05,201.93,155.63,5
230.2,217.65,159.3,5
229.87,203.12,161.48,5
231.8,221.97,182.59,5
231.08,205.12,186.5,5
232.94,198.2,156.54,5
233.31,223.21,185,5
233.16,210.86,165.08,5
231.85,227.55,182.74,5
234.38,202.2,174.05,5
231.18,197.07,165.04,5
233.67,198.31,185.43,5
232.17,201.54,171.61,5
234.41,214.59,156.05,5
232.21,205.13,179.26,5
233.89,207.62,165.21,5
231.71,204.84,190.36,5
231.85,218.06,157.76,5
235.87,221.74,160.76,5
233.29,228.04,184.84,5
232.8,209.32,172.34,5
230.65,219.05,161.75,5
235.92,207.02,189.35,5
229.53,223.08,175.59,5
235.87,203.07,182.83,5
234.51,207.62,190.53,5
230.9,226,170.65,5
229.91,204.26,186.74,5
230.72,203.41,153.52,5
229.88,201.34,167.66,5
234.07,202.54,156.4,5
233.48,218.01,172.91,5
235.07,200.9,173.69,5
233.95,208.88,183.9,5
232.85,197.48,185.88,5
233.35,213.3,160.72,5
234.83,221.11,165.93,5
234.12,196.46,174.09,5
231.45,201.52,173.79,5
232.08,216.16,166.78,5
229.88,217.68,189.57,5
232.71,198.49,156.62,5
235.53,221.74,181.37,5
235.88,207.07,154.54,5
232.78,215.85,178.06,5
230.74,200.05,160.33,5
234.86,225.34,170.27,5
231.39,217.01,155.35,5
235.66,216.62,168.29,5
233.03,196.27,186.23,5
229.93,228.26,168.66,5
234.57,225.99,187.62,5
234.48,200.72,174.71,5
233.05,216.95,159.1,5
233.25,196.42,163.52,5
229.73,203.29,159.79,5
233.15,226.08,176.84,5
235.83,218.71,156.71,5
235.57,203.95,178.58,5
233.77,227.34,173.61,5
231.25,227.5,175.6,5
233.38,219.99,172.72,5
232.4,215.86,169.57,5
233.03,224.42,171.47,5
234.61,197.04,186.3,5
235.86,213,154.51,5
232.76,209.17,191.86,5
233.46,219.77,184.5,5
230.98,222.82,176.2,5
233.08,203.67,177.26,5
233.49,208.45,180.08,5
234.23,196.77,181.67,5
232.21,198.44,184.51,5
229.67,225.32,178.55,5
229.84,211.77,159.55,5
234.31,200.71,155.11,5
231.41,202.7,162.37,5
232.62,207.52,183.07,5
234.18,210.02,154.65,5
229.99,227.51,166.07,5
231.68,207.74,175.06,5
233.06,221.94,182.6,5
234.55,213.9,181.75,5
233.03,224.44,185.35,5
231.89,209.45,160.99,5
231.19,219.14,179.56,5
233.69,204.78,189.67,5
234.22,223.53,158.98,5
233.74,200.9,180.98,5
230.95,208.97,187.73,5
234.35,219.34,176.6,5
233.81,205.05,177.33,5
231.83,204.08,163.82,5
234.63,212.61,188.33,5
233.37,200.84,158.32,5
229.83,211.01,176.48,5
231.18,205.4,168.1,5
235.06,207.48,167.06,5
233.25,211.96,187.42,5
234.17,214.08,160.66,5
230.4,225,186.28,5
235.6,224.74,166.73,5
234.59,214.47,157.53,5
231.25,215.63,156.9,5
234.64,199.55,178,5
233.21,203.85,158.44,5
234.36,199.15,164.41,5
232.14,204.49,160.21,5
235.87,226.9,168.09,5
231.36,215.26,181.4,5
232.37,203.48,163.61,5
234.57,216.24,168.06,5
233.15,199.97,182.32,5
234.41,201.71,156.45,5
233.02,211.83,162.96,5
233.11,222.74,167.9,5
234.87,220.37,158.86,5
234.51,211.74,166.09,5
234.41,221.25,191.62,5
229.83,226.49,190.23,5
231.26,213.59,158.22,5
231.7,201.8,175.29,5
235.1,207.94,166.42,5
235.85,197.63,169.61,5
231.64,223.3,154.7,5
231.27,217.44,172.21,5
232.14,214.54,172.95,5
232.96,216.27,156.78,5
231.84,224.59,180.31,5
231.9,203.56,174.5,5
233.79,199.67,165.57,5
231.6,199.56,161.67,5
233.53,215.76,180.53,5
231.78,211.42,166.93,5
231.4,198.91,176.51,5
235.14,228.21,165.05,5
234.88,196.46,175.58,5
235.4,206.72,189.99,5
233.49,228.02,157.12,5
230.76,207.21,160.85,5
229.99,206.98,165.86,5
230.01,196.28,159.09,5
230.99,217.36,157.3,5
232.46,213.96,189.64,5
229.6,198.27,159.31,5
231.68,218.53,159.1,5
233.02,211.54,191.47,5
235.7,220.1,173.34,5
233.71,210.83,191.24,5
232.66,197.17,172.38,5
235.14,214.8,182.68,5
231.82,222.72,178.01,5
234.79,201.82,179.21,5
233.05,198.61,179.01,5
232.57,219.72,189.4,5
232.19,219.77,173.61,5
229.6,198.6,164.64,5
231.8,214.78,167.3,5
230.03,213.68,178.4,5
234.91,213.8,164.49,5
230.89,223.73,167.46,5
232.33,201.14,189.69,5
234.61,220.89,155.62,5
232.54,207.12,158.63,5
233.43,222.72,191.27,5
235.26,217.23,155.42,5
232.13,221.41,158.44,5
233.85,214.96,177.7,5
230.89,196.17,172.86,5
235.49,208.11,154.3,5
235.97,200.23,183.78,5
231.78,208.53,171.26,5
230.16,203.77,177.68,5
233.29,225.02,167.71,5
232.35,203.76,169.91,5
230.45,197.83,161.19,5
234.27,198.89,157.57,5
231.98,228.23,188.55,5
234.6,204.18,173.6,5
229.51,211.22,171.8,5
229.81,206.44,183.14,5
235.71,224.83,158.38,5
232.92,226.74,177.17,5
232.04,206.95,190.56,5
231.21,209.5,178.56,5
235.53,210.98,179.58,5
230.81,222.68,177.45,5
230.27,206.34,185.85,5
235.71,217.72,172.6,5
235.73,224.6,173.59,5
230.15,204.15,191.99,5
230.31,222.43,179.25,5
233.98,204.01,171.54,5
232.2,220.15,178.11,5
233.5,211.22,176.71,5
231.89,215.82,182.03,5
231.14,211.57,153.69,5
230.34,198.38,182.38,5
233.49,202.75,181.03,5
233.6,215.24,185.3,5
230.92,219.38,176.65,5
230.41,209.81,188.93,5
233.84,219.62,159.14,5
230.91,200.75,174.32,5
230.09,227.52,187.76,5
230.52,209.73,164.7,5
230.2,219.01,180.44,5
230.34,212.76,183.9,5
235.37,227.05,183.56,5
233.63,216.32,182.82,5
235.9,200.7,175.19,5
232.46,205.93,179.84,5
233.64,228.28,189.07,5
230.66,203.67,184.19,5
233.48,216.12,186.46,5
233.95,200.85,170.08,5
231.8,210.21,154.16,5
229.85,224.58,176.65,5
230.45,204.67,190.18,5
234.18,227.48,167.95,5
232.07,220.81,181.86,5
235.98,206.89,177.82,5
233.86,214.12,155.09,5
234.97,227.38,160.2,5
233.29,223.08,182.64,5
235.79,225.64,166.96,5
234.8,196.34,178.98,5
234.41,227.95,168.82,5
234.49,197.88,183.94,5
231.47,202.55,158.94,5
234.87,223.13,160.29,5
231.58,201.46,176.08,5
233.58,208.74,155.58,5
231.81,210.04,186.24,5
230.36,203.68,158.7,5
233.88,196.31,154.24,5
229.91,197.18,182.89,5
235.49,198.12,161.37,5
230.95,223.56,156.06,5
234.59,220.1,191.78,5
230.55,207.24,159.52,5
234.78,226.89,155.55,5
230.54,196.39,172.28,5
235.3,208.24,160.03,5
231.87,219.95,168.82,5
230.69,211.93,186.13,5
233.13,197.87,192.15,5
231.4,201.84,180.95,5
234.97,198,189.36,5
233.12,203.1,171.79,5
232.09,204.54,183.1,5
230.01,199.11,181.98,5
234.67,203.84,187.14,5
230.7,223.92,178.87,5
235.87,225.57,162.98,5
230.85,212.94,187.6,5
231.21,201.71,159.66,5
233.89,227.24,160.49,5
230.24,201.51,154.93,5
231.97,208.86,156.26,5
234.32,196.13,178.06,5
231.08,212.86,183.94,5
234.74,197.48,172.54,5
